"year","name","player_id","team_id","pa","pitches","runs_all","runs_heart","runs_shadow","runs_chase","runs_waste"
"2022","Eaton, Nate","681987","118","122","479","-1","0","-6","4","2"
"2022","Rivero, Sebastián ","665861","118","29","110","-2","-3","0","0","0"
"2022","Rooker, Brent","667670","118","36","142","-5","-1","-5","0","0"
"2022","Taylor, Michael A.","572191","118","456","1717","-7","-11","-14","10","9"
"2022","Pratto, Nick","668472","118","182","787","-2","1","-11","5","3"
"2022","Witt Jr., Bobby","677951","118","629","2331","-5","-9","-17","10","10"
"2022","Melendez, MJ","669004","118","533","2196","-1","-7","-17","16","8"
"2022","Lopez, Nicky","670032","118","480","1762","-28","-16","-29","11","6"
"2022","Massey, Michael","686681","118","194","719","-5","-3","-8","4","2"
"2022","Pasquantino, Vinnie","686469","118","297","1039","13","3","-5","8","7"
"2022","Isbel, Kyle","664728","118","278","1073","-16","-8","-16","5","3"
"2022","O'Hearn, Ryan","656811","118","146","548","-3","-2","-5","1","3"
"2022","Perez, Salvador","521692","118","471","1700","14","10","-9","6","8"
"2022","Olivares, Edward","658668","118","174","688","4","-2","-2","5","3"
"2022","Gallagher, Cam","595956","118","47","174","2","-3","2","1","1"
"2022","Waters, Drew","671221","118","109","433","8","5","-1","3","1"
"2022","Mondesi, Adalberto","609275","118","54","215","-6","-2","-4","0","0"
"2022","Dozier, Hunter","641531","118","500","1938","-9","4","-27","6","8"
"2022","Gallo, Joey","608336","119","410","1725","-10","-4","-30","15","9"
"2022","Turner, Justin","457759","119","547","2206","22","1","-12","22","12"
"2022","Freeman, Freddie","518692","119","713","2819","58","1","22","21","15"
"2022","Thompson, Trayce","572204","119","271","1209","10","1","-9","12","5"
"2022","Lux, Gavin","666158","119","484","1888","2","-7","-15","15","8"
"2022","Muncy, Max","571970","119","580","2507","11","-19","-9","26","13"
"2022","Smith, Will","669257","119","591","2437","21","-9","-5","23","12"
"2022","Bellinger, Cody","641355","119","557","2334","-9","-21","-7","10","9"
"2022","Vargas, Miguel","678246","119","50","202","-2","-1","-3","1","1"
"2022","Ríos, Edwin","621458","119","91","347","1","-1","-1","2","1"
"2022","Barnes, Austin","605131","119","215","861","0","-12","0","9","3"
"2022","Betts, Mookie","605141","119","657","2495","36","4","-4","25","11"
"2022","Turner, Trea","607208","119","725","2789","26","-1","-1","16","12"
"2022","Alberto, Hanser","593643","119","159","521","-8","-1","-4","-5","2"
"2022","Taylor, Chris","621035","119","459","2007","-10","-13","-17","13","7"
"2022","Alfaro, Jorge","595751","135","274","1008","-2","2","-6","-2","4"
"2022","Profar, Jurickson","595777","135","710","3030","-4","-9","-28","22","11"
"2022","Mazara, Nomar","608577","135","171","714","0","-6","-2","4","4"
"2022","Myers, Wil","571976","135","315","1279","-4","-5","-12","8","5"
"2022","Cronenworth, Jake","630105","135","730","2851","14","-14","-11","26","14"
"2022","Nola, Austin","543592","135","442","1673","-6","-24","-3","12","7"
"2022","Machado, Manny","592518","135","686","2588","44","16","5","16","8"
"2022","Soto, Juan","665742","135","710","2963","34","-7","-11","35","17"
"2022","Drury, Brandon","592273","135","599","2366","26","2","-2","16","11"
"2022","Grisham, Trent","663757","135","568","2407","-14","-17","-25","19","9"
"2022","Campusano, Luis","669134","135","50","161","-3","-2","-1","0","0"
"2022","Bell, Josh","605137","135","680","2652","15","-8","-13","22","14"
"2022","Kim, Ha-Seong","673490","135","630","2537","4","-16","-7","17","10"
"2022","Beaty, Matt","607461","135","47","177","-8","-2","-8","1","2"
"2022","Azocar, José","640492","135","216","768","-10","-7","-8","2","3"
"2022","Mercedes, Yermín","606213","137","83","353","-3","-2","-5","4","0"
"2022","Davis, J.D.","605204","137","364","1486","5","7","-21","11","7"
"2022","Wynns, Austin","642851","137","177","703","-1","-4","-2","3","3"
"2022","González, Luis","670768","137","349","1472","-1","-9","-4","7","6"
"2022","Yastrzemski, Mike","573262","137","558","2349","-2","-9","-17","17","8"
"2022","Knapp, Andrew","595284","137","46","176","-5","-3","-4","1","0"
"2022","Crawford, Brandon","543063","137","455","1720","-7","-13","-13","10","10"
"2022","Villar, David","681584","137","181","730","4","1","-7","6","3"
"2022","Longoria, Evan","446334","137","296","1187","9","-1","-3","9","4"
"2022","Brinson, Lewis","621446","137","39","168","0","1","-2","0","0"
"2022","Slater, Austin","596103","137","325","1326","8","2","-10","8","8"
"2022","Bart, Joey","663698","137","291","1161","-6","-5","-11","6","4"
"2022","Calhoun, Willie","641432","137","62","233","-5","-6","-2","2","2"
"2022","Estrada, Thairo","642731","137","541","1945","3","-4","-14","10","10"
"2022","Vosler, Jason","613564","137","110","419","3","0","0","2","2"
"2022","Walton, Donovan","622268","137","78","298","-4","1","-7","0","2"
"2022","Flores, Wilmer","527038","137","601","2425","14","-8","-5","17","10"
"2022","Wade Jr., LaMonte","664774","137","251","992","-3","-6","-10","8","5"
"2022","Belt, Brandon","474832","137","296","1194","-7","-11","-14","11","7"
"2022","La Stella, Tommy","600303","137","195","794","-8","-10","-6","6","3"
"2022","Pederson, Joc","592626","137","430","1685","34","2","9","15","8"
"2022","Lowe, Josh","666139","139","197","851","-4","-9","-6","8","3"
"2022","Mejía, Francisco","642336","139","302","1104","-9","-8","-5","3","2"
"2022","Ramírez, Harold","623912","139","443","1608","9","-2","-1","4","8"
"2022","Walls, Taylor","670764","139","471","1917","-21","-22","-22","16","7"
"2022","Siri, Jose","642350","139","334","1300","-15","-14","-9","4","4"
"2022","Peralta, David","444482","139","486","1837","-5","-14","-4","7","5"
"2022","Arozarena, Randy","668227","139","653","2573","10","-6","0","6","10"
"2022","Kiermaier, Kevin","595281","139","221","831","2","3","-9","6","1"
"2022","Raley, Luke","670042","139","72","282","-4","-2","-5","1","2"
"2022","Choi, Ji Man","596847","139","423","1876","6","-2","-17","15","9"
"2022","Zunino, Mike","572287","139","123","482","-7","-2","-7","0","2"
"2022","Pinto, René","650907","139","83","325","-4","0","-7","2","1"
"2022","Paredes, Isaac","670623","139","385","1637","-2","-6","-19","17","5"
"2022","Aranda, Jonathan","666018","139","86","334","-1","-1","-5","3","2"
"2022","Bruján, Vidal","660644","139","164","620","-8","-5","-9","4","2"
"2022","Franco, Wander","677551","139","353","1256","0","-3","-8","7","5"
"2022","Margot, Manuel","622534","139","371","1431","-4","-4","-8","4","5"
"2022","Quinn, Roman","596451","139","87","347","-1","1","-5","2","1"
"2022","Lowe, Brandon","664040","139","266","1004","-3","-8","-7","8","5"
"2022","Bethancourt, Christian","542194","139","338","1125","-6","-3","-6","-1","3"
"2022","Díaz, Yandy","650490","139","566","2199","20","-5","-5","20","10"
"2022","Stefanic, Michael","683021","108","69","251","-6","-5","-4","2","1"
"2022","Duffy, Matt","622110","108","247","934","-7","-7","-7","5","3"
"2022","Walsh, Jared","665120","108","450","1746","-16","-3","-28","8","6"
"2022","Aguilar, Ryan","666922","108","26","101","-2","-2","-2","1","1"
"2022","Ohtani, Shohei","660271","108","652","2546","26","20","-17","15","9"
"2022","Moniak, Mickey","666160","108","111","411","-8","3","-12","0","1"
"2022","Adell, Jo","666176","108","286","1176","-13","-7","-14","2","5"
"2022","Lagares, Juan","501571","108","62","241","-8","-6","-1","-1","0"
"2022","Stassi, Max","545358","108","375","1436","-18","-9","-24","10","5"
"2022","Trout, Mike","545361","108","491","2105","43","10","7","16","10"
"2022","Thaiss, Matt","642136","108","80","324","-3","-3","-6","5","1"
"2022","Velazquez, Andrew","623205","108","349","1320","-15","-6","-17","5","4"
"2022","Suzuki, Kurt","435559","108","159","593","-6","-7","-4","4","1"
"2022","Rengifo, Luis","650859","108","511","1818","-10","-4","-16","5","5"
"2022","Sierra, Magneuris","642423","108","96","346","-9","-4","-6","1","1"
"2022","Villar, Jonathan","542340","108","220","877","-8","-8","-9","6","4"
"2022","Wade, Tyler","642180","108","163","628","-10","-11","-3","4","1"
"2022","Duggar, Steven","621453","108","79","327","-9","-4","-7","1","1"
"2022","Rojas, Jose","670351","108","57","228","-9","-4","-4","-1","0"
"2022","Soto, Livan","670869","108","59","223","6","3","2","1","1"
"2022","Gosselin, Phil","594838","108","77","310","-10","-5","-7","0","2"
"2022","Ford, Mike","645801","108","149","623","-4","-3","-9","5","3"
"2022","Mayfield, Jack","608686","108","74","255","-4","-4","-3","1","1"
"2022","Ward, Taylor","621493","108","564","2297","25","-5","-4","24","10"
"2022","Rendon, Anthony","543685","108","193","759","-1","-3","-9","7","4"
"2022","Fletcher, David","664058","108","228","730","-6","-7","-4","3","2"
"2022","Wallach, Chad","595453","108","40","168","-2","-1","-4","2","1"
"2022","Rivera, Emmanuel","656896","109","359","1324","0","1","-12","7","4"
"2022","Marte, Ketel","606466","109","555","2158","-3","-21","-5","14","9"
"2022","Hummel, Cooper","669450","109","201","819","-9","-11","-7","7","3"
"2022","Rojas, Josh","668942","109","508","2033","8","-5","-13","16","9"
"2022","Hager, Jake","606993","109","59","260","0","-1","-2","2","1"
"2022","Luplow, Jordan","656669","109","233","1006","-3","-7","-12","11","5"
"2022","Thomas, Alek","677950","109","411","1483","-13","-7","-17","5","7"
"2022","Garrett, Stone","656448","109","84","312","4","1","2","1","0"
"2022","Beer, Seth","666179","109","125","469","-6","-5","-8","5","1"
"2022","Herrera, Jose","645444","109","124","475","-11","-5","-9","2","1"
"2022","Walker, Christian","572233","109","665","2543","19","3","-21","24","13"
"2022","Smith, Pavin","656976","109","276","1109","1","5","-19","10","4"
"2022","Kelly, Carson","608348","109","354","1423","-14","-20","-11","9","9"
"2022","Kennedy, Buddy","671083","109","94","363","1","-6","0","4","2"
"2022","Varsho, Daulton","662139","109","592","2321","6","0","-16","11","10"
"2022","McCarthy, Jake","664983","109","354","1263","18","9","-8","11","5"
"2022","Hernández, Yonny","660634","109","28","117","-4","-3","-2","1","0"
"2022","Alcántara, Sergio","642727","109","224","942","-7","-12","-3","6","2"
"2022","Perdomo, Geraldo","672695","109","500","2060","-17","-25","-18","16","10"
"2022","Ahmed, Nick","605113","109","54","211","0","1","-3","1","1"
"2022","Carroll, Corbin","682998","109","115","458","3","-5","3","3","2"
"2022","Grossman, Robbie","543257","144","480","1959","-5","-10","-18","16","7"
"2022","Riley, Austin","663586","144","708","2695","25","21","-19","11","13"
"2022","Adrianza, Ehire","501303","144","110","422","-9","-6","-7","2","2"
"2022","Rosario, Eddie","592696","144","278","1031","-10","-4","-13","4","3"
"2022","Ozuna, Marcell","542303","144","515","2056","-16","-7","-24","7","7"
"2022","Canó, Robinson","429664","144","104","382","-12","-4","-8","-1","1"
"2022","Heredia, Guillermo","628338","144","82","347","-3","1","-7","1","1"
"2022","Duvall, Adam","594807","144","315","1220","-3","-8","-4","4","5"
"2022","Dickerson, Alex","543105","144","36","151","-3","-4","-1","0","1"
"2022","Contreras, William","661388","144","384","1581","11","9","-12","8","5"
"2022","Albies, Ozzie","645277","144","269","1027","0","-1","-8","4","5"
"2022","Arcia, Orlando","606115","144","246","969","1","0","-8","5","3"
"2022","Acuña Jr., Ronald","660670","144","546","2218","14","-11","0","16","10"
"2022","d'Arnaud, Travis","518595","144","442","1691","19","3","-4","12","8"
"2022","Swanson, Dansby","621020","144","713","2817","17","1","-15","20","11"
"2022","Demeritte, Travis","641513","144","96","381","-4","-4","-3","3","1"
"2022","Grissom, Vaughn","687093","144","158","601","-2","0","-9","4","3"
"2022","Harris II, Michael","671739","144","455","1702","21","5","8","3","5"
"2022","Olson, Matt","621566","144","710","2974","22","-2","-10","19","15"
"2022","Rutschman, Adley","668939","110","470","2009","10","1","-19","18","10"
"2022","Hays, Austin","669720","110","582","2051","-2","4","-20","7","8"
"2022","Mountcastle, Ryan","663624","110","608","2339","1","-1","-16","9","9"
"2022","McKenna, Ryan","663630","110","170","596","-4","-2","-9","4","2"
"2022","Odor, Rougned","596059","110","471","1761","-9","2","-27","9","7"
"2022","Owings, Chris","572008","110","68","261","-9","-5","-6","2","1"
"2022","Aguilar, Jesús","542583","110","506","2077","-4","-10","-9","7","7"
"2022","Phillips, Brett","621433","110","225","982","-16","-15","-13","7","3"
"2022","Santander, Anthony","623993","110","646","2615","11","-3","-13","13","14"
"2022","Mullins, Cedric","656775","110","670","2458","-2","-16","-14","17","11"
"2022","Stowers, Kyle","669065","110","98","368","-2","-1","-5","2","2"
"2022","Araúz, Jonathan","660620","110","41","160","-4","-3","-1","0","0"
"2022","Gutiérrez, Kelvin","642721","110","33","133","-1","-1","-2","1","0"
"2022","Mateo, Jorge","622761","110","533","1982","-16","0","-22","-3","8"
"2022","Martin, Richie","621006","110","33","130","0","0","-2","2","1"
"2022","Vavra, Terrin","679631","110","103","383","4","0","0","2","1"
"2022","Bemboom, Anthony","621532","110","59","244","-6","-6","-3","2","1"
"2022","Chirinos, Robinson","455139","110","220","853","-8","-6","-10","2","6"
"2022","Nevin, Tyler","663527","110","184","793","-5","-6","-10","6","4"
"2022","Urías, Ramón","602104","110","444","1645","3","1","-17","14","6"
"2022","Henderson, Gunnar","683002","110","131","539","5","1","-5","6","3"
"2022","Bogaerts, Xander","593428","111","629","2500","27","9","-13","20","10"
"2022","Chang, Yu","644374","111","190","762","-5","-2","-13","6","3"
"2022","Cordero, Franchy","614173","111","274","1091","2","-4","-3","5","4"
"2022","Arroyo, Christian","624414","111","298","1041","0","3","-13","6","4"
"2022","Dalbec, Bobby","666915","111","353","1475","-10","-1","-21","7","5"
"2022","Pham, Tommy","502054","111","622","2505","-1","-15","-16","19","11"
"2022","Duran, Jarren","680776","111","223","881","-2","-1","-10","4","5"
"2022","Martinez, J.D.","502110","111","594","2389","0","-2","-18","10","10"
"2022","Downs, Jeter","669023","111","41","174","-4","-1","-2","-2","0"
"2022","Devers, Rafael","646240","111","603","2232","34","1","1","20","13"
"2022","Hosmer, Eric","543333","111","414","1617","3","-11","0","7","7"
"2022","Hernández, Enrique","571771","111","402","1490","-6","-3","-17","5","7"
"2022","McGuire, Reese","624512","111","274","967","-4","-6","-1","0","3"
"2022","Story, Trevor","596115","111","392","1575","7","1","-7","7","6"
"2022","Almonte, Abraham","501659","111","37","152","1","1","-2","1","1"
"2022","Verdugo, Alex","657077","111","642","2490","11","8","-16","11","8"
"2022","Refsnyder, Rob","608701","111","177","732","10","1","-1","7","4"
"2022","Sánchez, Yolmer","570560","111","44","185","-4","-3","-3","1","1"
"2022","Davis, Jaylin","664041","111","27","128","0","-1","1","0","0"
"2022","Casas, Triston","671213","111","95","412","6","0","-2","7","2"
"2022","Wong, Connor","657136","111","56","221","1","2","-4","2","1"
"2022","Morel, Christopher","666624","112","419","1630","3","-5","-8","8","8"
"2022","Suzuki, Seiya","673548","112","438","1856","6","-6","-15","17","9"
"2022","Velázquez, Nelson","676369","112","202","796","-1","0","-8","5","3"
"2022","Reyes, Franmil","614177","112","473","1853","-15","-11","-20","8","7"
"2022","Rivas, Alfonso","663845","112","286","1208","0","-7","-6","8","5"
"2022","Madrigal, Nick","663611","112","221","852","-15","-10","-11","3","4"
"2022","Quiroz, Esteban","606019","112","47","185","0","0","-3","1","2"
"2022","McKinstry, Zach","656716","112","185","791","-5","-6","-6","4","2"
"2022","Simmons, Andrelton","592743","112","85","298","-7","-7","-2","1","0"
"2022","Heyward, Jason","518792","112","150","554","-7","-9","-4","3","3"
"2022","Hermosillo, Michael","641684","112","73","296","-5","-2","-6","1","2"
"2022","Higgins, P.J.","664731","112","225","900","4","-5","0","5","3"
"2022","Ortega, Rafael","542364","112","367","1510","-7","-14","-17","16","8"
"2022","Bote, David","623520","112","127","494","1","2","-5","2","1"
"2022","Contreras, Willson","575929","112","482","1801","10","-1","-8","10","11"
"2022","Frazier, Clint","640449","112","45","168","-1","-4","0","2","1"
"2022","Schwindel, Frank","643524","112","290","1135","-9","-11","-7","6","3"
"2022","Happ, Ian","664023","112","632","2549","3","-8","-18","21","7"
"2022","Wisdom, Patrick","621550","112","525","2203","-3","0","-27","14","11"
"2022","Hoerner, Nico","663538","112","506","1807","5","3","-14","10","6"
"2022","Gomes, Yan","543228","112","293","1006","-15","-12","-6","0","3"
"2022","Farmer, Kyle","571657","113","579","2127","6","1","-5","0","9"
"2022","Fairchild, Stuart","656413","113","110","423","-2","-3","-5","3","2"
"2022","Votto, Joey","458015","113","372","1484","7","-4","-11","14","7"
"2022","Senzel, Nick","669222","113","416","1460","-6","-9","-13","10","6"
"2022","Steer, Spencer","668715","113","108","428","-2","-4","-4","4","2"
"2022","Papierski, Michael","657709","113","103","409","-9","-3","-7","1","0"
"2022","Fraley, Jake","641584","113","244","974","9","2","-3","6","4"
"2022","Friedl, TJ","670770","113","258","995","-2","-1","-13","8","3"
"2022","Romine, Austin","519222","113","134","507","-14","-6","-11","1","3"
"2022","Garcia, Aramis","605244","113","115","449","-10","-3","-10","1","2"
"2022","Solano, Donovan","456781","113","299","1174","1","5","-13","4","5"
"2022","Stephenson, Tyler","663886","113","183","732","12","8","-3","3","4"
"2022","Lopez, Alejo","664670","113","155","571","-2","-1","-8","5","2"
"2022","Barrero, Jose","676480","113","170","665","-22","-7","-15","-1","1"
"2022","India, Jonathan","663697","113","427","1724","10","-7","-5","15","6"
"2022","Moustakas, Mike","519058","113","285","1150","-7","-10","-6","3","6"
"2022","Almora Jr., Albert","546991","113","231","831","-1","-7","-1","5","2"
"2022","Moran, Colin","592567","113","128","530","1","-1","-4","4","2"
"2022","Reynolds, Matt","608703","113","269","1066","-3","1","-12","3","5"
"2022","Aquino, Aristides","606157","113","273","1080","-9","-3","-11","2","3"
"2022","Robinson, Chuckie","642020","113","60","205","-8","-2","-7","0","0"
"2022","Maile, Luke","571912","114","210","839","-7","-7","-8","4","5"
"2022","Hedges, Austin","595978","114","356","1358","-24","-12","-27","10","6"
"2022","Gonzalez, Oscar","660757","114","412","1517","-2","11","-18","2","4"
"2022","Jones, Nolan","666134","114","93","399","1","-3","0","3","1"
"2022","Kwan, Steven","680757","114","668","2779","15","-11","-14","28","12"
"2022","Freeman, Tyler","671289","114","86","341","-4","-3","-5","3","2"
"2022","Benson, Will","666181","114","62","234","-4","-4","-3","1","2"
"2022","Giménez, Andrés","665926","114","582","2173","21","7","-3","3","14"
"2022","Ramírez, José","608070","114","697","2855","34","7","-2","15","14"
"2022","Arias, Gabriel","672356","114","68","276","0","-2","0","2","1"
"2022","Straw, Myles","664702","114","622","2448","-38","-43","-18","17","6"
"2022","Naylor, Josh","647304","114","525","1867","12","4","-13","11","10"
"2022","Rosario, Amed","642708","114","702","2511","8","-7","-7","11","11"
"2022","Mercado, Óscar","640458","114","128","471","-3","-3","-3","2","1"
"2022","Miller, Owen","680911","114","482","1876","-11","-11","-16","6","10"
"2022","Brennan, Will","686823","114","55","184","4","0","3","0","1"
"2022","Palacios, Richie","680700","114","122","513","-9","-7","-9","4","3"
"2022","Tovar, Ezequiel","678662","115","35","126","-3","-1","-3","0","0"
"2022","Bernard, Wynton","592144","115","42","167","-1","-1","-1","0","1"
"2022","Serven, Brian","661531","115","205","796","-7","-4","-6","0","3"
"2022","Bryant, Kris","592178","115","181","696","0","0","-8","4","3"
"2022","Grichuk, Randal","545341","115","538","1977","6","7","-12","2","9"
"2022","McMahon, Ryan","641857","115","597","2559","3","-14","-12","19","9"
"2022","Rodgers, Brendan","663898","115","581","2112","3","8","-27","13","9"
"2022","Cron, C.J.","543068","115","626","2500","15","14","-14","8","8"
"2022","Trejo, Alan","676701","115","124","493","2","3","-3","1","1"
"2022","Bouchard, Sean","656248","115","97","418","9","0","0","6","3"
"2022","Hampson, Garrett","641658","115","226","886","-11","-5","-14","5","3"
"2022","Iglesias, José","578428","115","467","1738","1","-8","-7","12","4"
"2022","Nuñez, Dom","624513","115","41","178","-5","-3","-4","1","0"
"2022","Díaz, Elias","553869","115","381","1445","-7","-6","-16","10","5"
"2022","Hilliard, Sam","656541","115","200","870","-9","-9","-12","9","3"
"2022","Blackmon, Charlie","453568","115","573","2082","12","5","-14","11","10"
"2022","Joe, Connor","656582","115","467","1900","-5","-16","-10","13","8"
"2022","Toglia, Michael","669911","115","120","478","0","0","-4","2","1"
"2022","Daza, Yonathan","602074","115","408","1536","5","-1","-7","7","6"
"2022","Montero, Elehuris","660707","115","185","674","4","2","-2","1","2"
"2022","Engel, Adam","641553","145","259","992","-9","-7","-11","3","6"
"2022","Andrus, Elvis","462101","145","577","2252","1","-11","-10","14","8"
"2022","Anderson, Tim","641313","145","350","1144","2","5","-10","2","5"
"2022","Zavala, Seby","664874","145","205","875","0","-7","2","3","2"
"2022","Gonzalez, Romy","663853","145","109","393","-3","-1","-3","0","2"
"2022","Harrison, Josh","543281","145","425","1533","-9","-3","-18","6","5"
"2022","Sosa, Lenyn","672820","145","36","135","-7","0","-4","-2","0"
"2022","Mendick, Danny","664901","145","106","422","2","-2","-2","4","2"
"2022","Robert Jr., Luis","673357","145","400","1349","16","11","-5","3","6"
"2022","Grandal, Yasmani","518735","145","375","1573","-13","-26","-6","11","8"
"2022","Sheets, Gavin","657757","145","410","1699","2","-6","-7","8","7"
"2022","Pollock, AJ","572041","145","527","1837","-9","-6","-15","5","6"
"2022","Abreu, José","547989","145","676","2727","21","3","-17","19","16"
"2022","Jiménez, Eloy","650391","145","327","1177","18","8","-4","10","5"
"2022","Moncada, Yoán","660162","145","431","1724","-8","-9","-21","15","7"
"2022","Burger, Jake","669394","145","182","682","1","-1","-3","1","3"
"2022","García, Leury","544725","145","314","1151","-23","-14","-16","3","4"
"2022","Vaughn, Andrew","683734","145","554","2085","16","6","-5","7","8"
"2022","Payton, Mark","592622","145","25","131","-1","-2","-2","1","1"
"2022","Carpenter, Kerry","681481","116","113","431","0","-1","-4","2","3"
"2022","Haase, Eric","606992","116","350","1376","3","11","-15","0","7"
"2022","Kreidler, Ryan","668952","116","84","354","-5","-6","-2","2","1"
"2022","Candelario, Jeimer","600869","116","466","1739","-7","-6","-22","14","7"
"2022","Baddoo, Akil","668731","116","225","916","-13","-10","-13","5","5"
"2022","Barnhart, Tucker","571466","116","308","1174","-14","-12","-15","10","3"
"2022","Reyes, Victor","622682","116","336","1283","-3","-3","-10","3","6"
"2022","Torkelson, Spencer","679529","116","404","1609","-16","-11","-27","13","8"
"2022","Schoop, Jonathan","570731","116","509","1789","-31","-12","-27","2","6"
"2022","Cameron, Daz","663662","116","70","266","0","-1","-1","1","1"
"2022","Hill, Derek","656537","116","92","332","-7","-2","-7","2","0"
"2022","Báez, Javier","595879","116","589","2092","-3","-2","-3","1","2"
"2022","Cabrera, Miguel","408234","116","430","1642","-11","-6","-17","7","6"
"2022","Castro, Harold","605612","116","441","1658","1","-4","-7","7","5"
"2022","Clemens, Kody","665019","116","127","509","-7","-1","-8","1","1"
"2022","Meadows, Austin","640457","116","147","590","0","-4","-7","9","3"
"2022","Greene, Riley","682985","116","418","1716","3","4","-17","9","8"
"2022","Castro, Willi","650489","116","392","1440","-13","-4","-18","6","3"
"2022","Gurriel, Yuli","493329","117","634","2267","-16","-9","-29","13","8"
"2022","Brantley, Michael","488726","117","275","1006","16","7","-1","6","4"
"2022","Mancini, Trey","641820","117","609","2469","-1","-23","-4","15","11"
"2022","Matijevic, J.J.","656695","117","71","274","-4","-3","-5","2","2"
"2022","Castro, Jason","488771","117","88","369","-12","-5","-9","1","1"
"2022","Bregman, Alex","608324","117","713","2736","34","-10","-5","32","18"
"2022","Altuve, Jose","514888","117","664","2528","32","-5","-3","21","19"
"2022","Peña, Jeremy","665161","117","619","2229","5","16","-25","7","8"
"2022","Alvarez, Yordan","670541","117","611","2403","46","12","3","17","14"
"2022","Lee, Korey","686676","117","26","100","-1","-1","0","0","0"
"2022","Díaz, Aledmys","649557","117","349","1262","-6","-4","-11","5","4"
"2022","Meyers, Jake","676694","117","162","645","-6","-4","-6","1","3"
"2022","Hensley, David","682073","117","43","189","3","2","-1","1","1"
"2022","Tucker, Kyle","663656","117","662","2498","26","21","-25","19","11"
"2022","Vázquez, Christian","543877","117","445","1697","4","-7","-7","12","7"
"2022","McCormick, Chas","676801","117","453","1780","3","-4","-8","9","6"
"2022","Maldonado, Martín","455117","117","412","1630","-14","0","-24","4","5"
"2022","Dubón, Mauricio","643289","117","266","934","-13","-9","-12","5","3"
"2022","Goodrum, Niko","592348","117","45","204","-6","-3","-3","0","0"
"2022","Chisholm Jr., Jazz","665862","146","241","950","20","4","6","5","4"
"2022","Rojas, Miguel","500743","146","506","1815","-10","-17","-11","10","7"
"2022","Bleday, JJ","668709","146","238","1029","-9","-15","-6","10","3"
"2022","Henry, Payton","668721","146","35","133","-2","-2","-1","0","1"
"2022","De La Cruz, Bryan","650559","146","355","1387","-5","-9","-12","8","7"
"2022","Groshans, Jordan","677954","146","65","263","-3","-3","-3","2","0"
"2022","Sánchez, Jesús","660821","146","343","1391","-7","-4","-17","8","6"
"2022","Williams, Luke","663897","146","135","540","-8","-3","-9","2","2"
"2022","Díaz, Lewin","650331","146","174","732","-13","-9","-6","1","1"
"2022","Encarnación, Jerar","666464","146","81","339","-3","-1","-3","-1","2"
"2022","Burdick, Peyton","680814","146","102","401","-1","-2","-4","2","2"
"2022","González, Erik","570481","146","41","176","-3","-3","-2","2","0"
"2022","Astudillo, Willians","553902","146","55","150","-4","-1","-1","-1","0"
"2022","Fortes, Nick","663743","146","240","850","-4","-10","-4","4","5"
"2022","Anderson, Brian","605119","146","381","1542","-4","-4","-14","9","6"
"2022","Cooper, Garrett","643265","146","469","1861","9","4","-14","9","10"
"2022","Soler, Jorge","624585","146","305","1275","-2","-7","-6","6","6"
"2022","García, Avisaíl","541645","146","380","1367","-17","0","-20","-1","4"
"2022","Berti, Jon","542932","146","404","1570","-6","-9","-15","13","5"
"2022","Leblanc, Charles","641779","146","169","699","-1","1","-9","4","3"
"2022","Stallings, Jacob","607732","146","384","1474","-15","-18","-14","11","6"
"2022","Wendle, Joey","621563","146","371","1280","-4","-8","-8","9","3"
"2022","Cain, Lorenzo","456715","158","156","623","-12","-7","-12","5","2"
"2022","Renfroe, Hunter","592669","158","521","2027","4","-3","-13","11","8"
"2022","Ruiz, Esteury","665923","158","36","133","-4","-3","-1","0","0"
"2022","Mitchell, Garrett","669003","158","68","300","1","-2","0","1","1"
"2022","Peterson, Jace","607054","158","326","1420","-5","-10","-11","10","5"
"2022","Tellez, Rowdy","642133","158","590","2392","9","-4","-8","12","9"
"2022","Taylor, Tyrone","621438","158","405","1521","2","-2","-9","5","7"
"2022","Narváez, Omar","553882","158","295","1182","-12","-15","-12","9","6"
"2022","Adames, Willy","642715","158","614","2466","17","9","-16","12","12"
"2022","Hiura, Keston","669374","158","266","1146","3","-4","-4","7","4"
"2022","Wong, Kolten","543939","158","495","2049","8","-14","-6","17","12"
"2022","Davis, Jonathan","641505","158","91","376","-2","-5","-3","5","1"
"2022","McCutchen, Andrew","457705","158","579","2364","1","-12","-11","17","8"
"2022","Urías, Luis","649966","158","472","1974","2","-18","-5","15","9"
"2022","Caratini, Victor","605170","158","313","1246","-2","-8","-11","11","6"
"2022","Yelich, Christian","592885","158","666","2747","14","-3","-22","24","15"
"2022","Brosseau, Mike","670712","158","160","686","6","3","-5","4","4"
"2022","Sanó, Miguel","593934","142","71","326","-8","-7","-6","3","2"
"2022","Contreras, Mark","676628","142","61","220","-10","-4","-7","0","1"
"2022","Hamilton, Caleb","643348","142","23","109","-2","-1","-2","1","0"
"2022","Kirilloff, Alex","666135","142","156","613","1","1","-10","6","4"
"2022","Wallner, Matt","670242","142","64","257","0","0","-5","4","2"
"2022","Larnach, Trevor","663616","142","179","724","-3","-1","-8","3","3"
"2022","Jeffers, Ryan","680777","142","236","948","-3","-1","-11","6","3"
"2022","León, Sandy","506702","142","86","387","-6","-7","-5","4","2"
"2022","Arraez, Luis","650333","142","601","2413","22","0","-11","23","10"
"2022","Palacios, Jermaine","650339","142","77","303","-8","-4","-5","0","1"
"2022","Urshela, Gio","570482","142","549","2017","6","-5","-11","14","8"
"2022","Gordon, Nick","624503","142","442","1550","7","1","-5","2","9"
"2022","Miranda, Jose","669304","142","483","1812","10","5","-11","4","12"
"2022","Buxton, Byron","621439","142","382","1529","7","4","-12","6","9"
"2022","Celestino, Gilberto","665482","142","347","1384","-8","-14","-9","10","4"
"2022","Sánchez, Gary","596142","142","471","1881","-3","-8","-16","12","9"
"2022","Kepler, Max","596146","142","445","1656","-8","-22","-9","15","8"
"2022","Garlick, Kyle","664247","142","162","602","-2","-2","-3","2","2"
"2022","Cave, Jake","595909","142","177","710","-3","1","-12","5","3"
"2022","Polanco, Jorge","593871","142","444","1900","9","-8","-10","19","8"
"2022","Lewis, Royce","668904","142","41","141","3","4","-3","1","1"
"2022","Correa, Carlos","621043","142","588","2419","22","5","-6","13","10"
"2022","Mazeika, Patrick","664850","121","72","284","-5","-3","-3","1","1"
"2022","McCann, James","543510","121","191","713","-7","-3","-10","3","4"
"2022","Alonso, Pete","624413","121","681","2555","33","12","-5","14","13"
"2022","Smith, Dominic","642086","121","152","577","-6","0","-11","3","2"
"2022","Lindor, Francisco","596019","121","716","2875","27","-5","-4","21","15"
"2022","Canha, Mark","592192","121","553","2276","26","-2","-7","22","14"
"2022","Nimmo, Brandon","607043","121","686","2834","38","-2","-4","30","14"
"2022","Naquin, Tyler","571980","121","332","1261","1","2","-7","3","2"
"2022","Guillorme, Luis","641645","121","335","1376","-6","-16","-3","8","5"
"2022","McNeil, Jeff","643446","121","599","2105","24","-6","6","15","9"
"2022","Escobar, Eduardo","500871","121","550","2139","-7","-9","-18","13","8"
"2022","Baty, Brett","683146","121","42","146","-3","-1","-2","0","1"
"2022","Vogelbach, Daniel","596129","121","467","2128","10","-10","-5","17","7"
"2022","Marte, Starling","516782","121","518","1970","19","12","-14","11","10"
"2022","Nido, Tomás","621512","121","322","1103","-14","-7","-14","4","4"
"2022","Ruf, Darin","573131","121","391","1635","4","-2","-13","12","8"
"2022","Vientos, Mark","668901","121","41","183","-4","-3","-2","0","1"
"2022","Perez, Michael","605421","121","132","492","-5","0","-8","1","2"
"2022","Gonzalez, Marwin","503556","147","207","825","-9","-6","-9","3","3"
"2022","Locastro, Tim","641796","147","47","170","-1","0","-2","0","1"
"2022","LeMahieu, DJ","518934","147","538","2148","14","-4","-10","20","8"
"2022","Rizzo, Anthony","519203","147","579","2286","19","0","-13","17","16"
"2022","Trevino, Jose","624431","147","376","1331","2","-1","-6","7","3"
"2022","Judge, Aaron","592450","147","715","3070","80","52","-13","25","17"
"2022","Kiner-Falefa, Isiah","643396","147","549","2001","-3","-2","-18","9","7"
"2022","Hicks, Aaron","543305","147","454","2026","-5","-24","-19","25","12"
"2022","Higashioka, Kyle","543309","147","254","939","-9","-3","-15","6","3"
"2022","Carpenter, Matt","572761","147","164","772","18","4","3","7","4"
"2022","Benintendi, Andrew","643217","147","521","1924","9","-7","-11","19","7"
"2022","Stanton, Giancarlo","519317","147","484","1971","15","12","-16","10","8"
"2022","Torres, Gleyber","650402","147","606","2377","3","-9","-10","12","11"
"2022","Peraza, Oswald","672724","147","60","175","-1","0","-3","1","1"
"2022","Donaldson, Josh","518626","147","580","2325","-2","-4","-23","11","14"
"2022","Cabrera, Oswaldo","665828","147","200","840","1","-4","-1","3","2"
"2022","Bader, Harrison","664056","147","348","1319","3","2","-5","1","5"
"2022","Florial, Estevan","664314","147","35","140","-3","-1","-3","1","1"
"2022","Lowrie, Jed","476704","133","184","727","-12","-11","-8","5","2"
"2022","Murphy, Sean","669221","133","610","2372","8","-8","-10","15","11"
"2022","Clement, Ernie","676391","133","179","629","-15","-10","-10","2","2"
"2022","McKinney, Billy","641856","133","56","256","-7","-4","-5","1","1"
"2022","Kemp, Tony","643393","133","558","2047","0","-6","-20","16","10"
"2022","Stevenson, Cal","670276","133","71","294","-7","-4","-6","3","0"
"2022","Smith, Kevin","675656","133","151","564","-6","-6","-3","1","1"
"2022","Brown, Seth","664913","133","552","2198","8","8","-21","10","11"
"2022","MacKinnon, David","676950","133","57","252","-5","-3","-5","2","1"
"2022","Thomas, Cody","642137","133","32","125","-1","0","-1","0","0"
"2022","Neuse, Sheldon","641914","133","293","1160","-3","-4","-9","7","2"
"2022","Piscotty, Stephen","572039","133","138","554","-7","-2","-6","-1","2"
"2022","Bolt, Skye","621450","133","116","483","-6","-4","-7","2","2"
"2022","Barrera, Luis","642456","133","85","316","-4","-5","-1","0","1"
"2022","Pache, Cristian","665506","133","260","918","-16","-7","-15","3","3"
"2022","Machín, Vimael","605353","133","253","1002","-4","-8","-10","9","5"
"2022","Garcia, Dérmis","660650","133","125","535","2","5","-8","4","1"
"2022","Capel, Conner","668843","133","59","242","3","0","1","1","1"
"2022","Bride, Jonah","681146","133","187","797","-12","-13","-7","5","4"
"2022","Langeliers, Shea","669127","133","153","583","1","5","-7","1","2"
"2022","Pinder, Chad","640461","133","379","1437","-11","0","-22","7","4"
"2022","Davidson, Matt","571602","133","37","139","-2","-2","-1","0","0"
"2022","Allen, Nick","669397","133","326","1154","-16","-11","-14","5","4"
"2022","Diaz, Jordan","672478","133","51","162","-2","-2","-1","0","1"
"2022","Vogt, Stephen","519390","133","191","714","-9","-4","-10","3","3"
"2022","Laureano, Ramón","657656","133","383","1514","-6","-2","-16","5","7"
"2022","Sosa, Edmundo","624641","143","200","701","-2","-3","-2","0","3"
"2022","Herrera, Odúbel","546318","143","197","737","-7","-2","-8","2","1"
"2022","Realmuto, J.T.","592663","143","633","2476","15","-6","-6","16","11"
"2022","Vierling, Matt","663837","143","372","1450","-12","-14","-7","4","4"
"2022","Schwarber, Kyle","656941","143","737","3211","23","-11","-11","29","16"
"2022","Hall, Darick","669742","143","142","543","1","-2","1","1","1"
"2022","Segura, Jean","516416","143","447","1625","-7","-11","-14","9","9"
"2022","Maton, Nick","665155","143","86","368","4","-2","2","2","2"
"2022","Camargo, Johan","622666","143","166","718","-2","-2","-5","4","2"
"2022","Castellanos, Nick","592206","143","627","2320","-6","-1","-20","5","10"
"2022","Marsh, Brandon","669016","143","505","1977","2","-6","-9","10","8"
"2022","Muñoz, Yairo","622168","143","60","208","-2","-2","-1","0","1"
"2022","Harper, Bryce","547180","143","487","1854","34","28","-8","5","10"
"2022","Guthrie, Dalton","656495","143","28","120","4","-2","2","2","1"
"2022","Gregorius, Didi","544369","143","232","827","-5","-6","-4","2","3"
"2022","Stott, Bryson","681082","143","517","2112","-15","-16","-18","11","8"
"2022","Stubbs, Garrett","596117","143","121","505","8","2","1","4","1"
"2022","Hoskins, Rhys","656555","143","745","3211","21","-3","-15","27","12"
"2022","Bohm, Alec","664761","143","694","2518","1","-8","-7","6","11"
"2022","Andujar, Miguel","609280","134","140","511","-6","-3","-6","1","2"
"2022","Marcano, Tucupita","672779","134","177","672","-7","1","-12","2","2"
"2022","Madris, Bligh","676632","134","123","492","-7","-9","-2","3","2"
"2022","Pérez, Roberto","547379","134","69","308","-1","2","-6","2","1"
"2022","Allen, Greg","656185","134","134","531","-10","-6","-7","1","2"
"2022","Heineman, Tyler","623168","134","174","602","-11","-9","-5","0","2"
"2022","Tsutsugo, Yoshi","660294","134","193","861","-16","-16","-8","5","3"
"2022","Marisnick, Jake","545350","134","81","288","-3","-2","0","-1","0"
"2022","Suwinski, Jack","669261","134","371","1572","-4","-7","-11","7","8"
"2022","Mitchell, Cal","668751","134","232","850","-7","-1","-8","0","2"
"2022","Bae, Ji Hwan","678225","134","37","120","2","-1","-1","3","1"
"2022","Park, Hoy","660829","134","60","237","0","-2","-2","2","2"
"2022","Hayes, Ke'Bryan","663647","134","560","2227","-12","-13","-14","7","8"
"2022","VanMeter, Josh","642165","134","192","804","-8","-7","-11","5","4"
"2022","Reynolds, Bryan","668804","134","608","2303","15","-5","-7","11","15"
"2022","Castillo, Diego","660636","134","282","1149","-5","-8","-6","5","4"
"2022","Tucker, Cole","657061","134","63","278","-10","-7","-4","1","0"
"2022","Castro, Rodolfo","666801","134","277","1047","-1","-3","-7","4","5"
"2022","Chavis, Michael","656308","134","425","1524","-13","1","-18","1","4"
"2022","Padlo, Kevin","656821","134","34","132","-7","-3","-5","0","1"
"2022","Collins, Zack","641470","134","108","477","-6","-3","-9","4","3"
"2022","Gamel, Ben","592325","134","421","1713","6","-14","1","12","7"
"2022","Newman, Kevin","621028","134","309","1080","0","-3","-3","2","3"
"2022","Delay, Jason","641511","134","167","653","-4","-3","-4","2","2"
"2022","Cruz, Oneil","665833","134","360","1459","11","3","-3","4","7"
"2022","Suárez, Eugenio","553993","136","650","2695","23","-3","-9","21","13"
"2022","Kelenic, Jarred","672284","136","199","760","-15","-11","-7","0","3"
"2022","Frazier, Adam","624428","136","625","2281","-19","-18","-27","15","11"
"2022","Casali, Curt","592200","136","176","783","-3","-12","-2","7","4"
"2022","Santana, Carlos","467793","136","527","2162","5","-23","-3","19","12"
"2022","Murphy, Tom","608596","136","42","181","3","0","-3","5","1"
"2022","Haniger, Mitch","571745","136","270","1096","8","2","-4","7","3"
"2022","Trammell, Taylor","666211","136","117","430","-4","-2","-3","0","1"
"2022","Winker, Jesse","608385","136","546","2229","7","-13","-12","21","11"
"2022","Torrens, Luis","620443","136","166","677","-6","-3","-8","1","4"
"2022","Jankowski, Travis","608671","136","64","258","-6","-5","-6","4","1"
"2022","Moore, Dylan","664238","136","262","1177","2","-9","-7","10","8"
"2022","Raleigh, Cal","663728","136","439","1745","4","4","-17","9","8"
"2022","Toro, Abraham","647351","136","351","1340","-15","-11","-13","5","5"
"2022","Crawford, J.P.","641487","136","627","2583","-5","-19","-20","21","12"
"2022","Rodríguez, Julio","677594","136","583","2182","32","7","0","12","13"
"2022","France, Ty","664034","136","637","2307","17","1","-6","10","13"
"2022","Lamb, Jake","571875","136","111","453","-6","-5","-6","3","1"
"2022","Upton, Justin","457708","136","57","229","-5","-3","-4","2","1"
"2022","Lewis, Kyle","641786","136","62","263","-3","-4","-2","2","2"
"2022","Haggerty, Sam","664059","136","198","735","0","-4","-6","5","5"
"2022","Donovan, Brendan","680977","138","474","1991","19","-6","-5","19","11"
"2022","Yepez, Juan","660766","138","279","1058","-3","-5","-3","3","2"
"2022","Arenado, Nolan","571448","138","625","2357","33","21","-13","12","12"
"2022","Edman, Tommy","669242","138","635","2364","1","-9","-8","9","8"
"2022","Carlson, Dylan","666185","138","491","1988","-5","-16","-9","14","6"
"2022","Burleson, Alec","676475","138","53","190","0","-2","-1","2","1"
"2022","Knizner, Andrew","668800","138","293","1102","-12","-2","-19","3","6"
"2022","O'Neill, Tyler","641933","138","383","1594","0","-8","-11","13","6"
"2022","Goldschmidt, Paul","502671","138","658","2742","61","8","11","26","17"
"2022","Dickerson, Corey","572816","138","302","1111","-1","-3","-8","7","3"
"2022","Pujols, Albert","405395","138","358","1411","19","3","0","7","8"
"2022","DeJong, Paul","657557","138","238","980","-14","1","-24","5","4"
"2022","Molina, Yadier","425877","138","278","1013","-14","-12","-7","3","2"
"2022","Nootbaar, Lars","663457","138","354","1427","9","-6","-8","15","7"
"2022","Gorman, Nolan","669357","138","314","1320","4","11","-16","3","7"
"2022","Smith, Josh H.","669701","140","253","1048","-9","-12","-8","8","4"
"2022","Semien, Marcus","543760","140","724","2776","11","-10","-13","23","11"
"2022","Duran, Ezequiel","677649","140","220","790","-7","4","-12","0","1"
"2022","Reks, Zach","676646","140","34","114","-1","-1","-2","1","1"
"2022","Miller, Brad","543543","140","241","914","-4","-10","-3","5","3"
"2022","Garver, Mitch","641598","140","215","943","4","-6","-1","8","4"
"2022","Solak, Nick","669256","140","95","357","-3","-6","-1","1","3"
"2022","Calhoun, Kole","594777","140","424","1700","-15","-9","-24","9","9"
"2022","García, Adolis","666969","140","655","2537","10","4","-13","11","9"
"2022","Seager, Corey","608369","140","656","2267","4","2","-24","16","10"
"2022","Viloria, Meibrys","650619","140","75","347","-3","-4","-5","4","1"
"2022","Heim, Jonah","641680","140","450","1759","-3","-10","-12","11","7"
"2022","Taveras, Leody","665750","140","341","1274","-6","-8","-9","8","3"
"2022","White, Eli","642201","140","117","444","-4","-5","-3","2","1"
"2022","Huff, Sam","669087","140","131","501","0","3","-6","2","2"
"2022","Thompson, Bubba","669352","140","181","647","-6","-8","0","1","1"
"2022","Jung, Josh","673962","140","102","394","-3","2","-7","1","1"
"2022","Lowe, Nathaniel","663993","140","643","2525","26","13","-9","12","10"
"2022","Culberson, Charlie","518586","140","124","439","-5","-2","-6","2","1"
"2022","Plawecki, Kevin","608700","140","186","698","-6","-5","-11","6","4"
"2022","Mathias, Mark","664029","140","91","404","7","0","4","3","1"
"2022","Ibáñez, Andy","628451","140","128","465","-4","-6","-3","3","2"
"2022","Hernandez, Elier","609274","140","35","137","-4","-2","-3","1","0"
"2022","Moreno, Gabriel","672515","141","73","265","0","0","0","1","0"
"2022","Merrifield, Whit","593160","141","556","2041","-7","-19","-7","11","8"
"2022","Biggio, Cavan","624415","141","303","1282","1","-7","-12","14","6"
"2022","Jansen, Danny","643376","141","255","994","12","5","-5","7","4"
"2022","Springer, George","543807","141","590","2197","23","14","-22","21","10"
"2022","Bichette, Bo","666182","141","706","2554","18","16","-12","7","7"
"2022","Gurriel Jr., Lourdes","666971","141","492","1852","7","4","-14","10","6"
"2022","Espinal, Santiago","669289","141","494","1926","-4","-7","-18","12","9"
"2022","Zimmer, Bradley","605548","141","117","439","-12","-7","-7","1","1"
"2022","Kirk, Alejandro","672386","141","548","2248","19","-5","-10","21","14"
"2022","Guerrero Jr., Vladimir","665489","141","708","2628","17","4","-12","14","12"
"2022","Chapman, Matt","656305","141","629","2678","8","-16","-17","27","13"
"2022","Tapia, Raimel","606132","141","439","1607","-2","0","-10","4","4"
"2022","Hernández, Teoscar","606192","141","543","2114","18","21","-16","4","9"
"2022","Bradley Jr., Jackie","598265","141","371","1392","-11","-9","-17","11","5"
"2022","Franco, Maikel","596748","120","388","1418","-13","-9","-15","6","4"
"2022","García, Luis","671277","120","376","1323","-5","-1","-10","2","4"
"2022","Call, Alex","669743","120","131","570","3","1","-7","6","3"
"2022","Fox, Lucius","665650","120","28","109","-3","-2","0","0","0"
"2022","Adams, Riley","656180","120","155","612","-11","-8","-6","2","1"
"2022","Voit, Luke","572228","120","567","2248","-1","1","-32","15","14"
"2022","Meneses, Joey","608841","120","238","938","5","1","-3","3","3"
"2022","Strange-Gordon, Dee","543829","120","59","196","-2","-1","-1","1","0"
"2022","Vargas, Ildemaro","545121","120","222","794","1","-1","-5","4","3"
"2022","Hernández, César","514917","120","617","2367","-13","-22","-13","13","10"
"2022","Thomas, Lane","657041","120","548","2204","-5","-16","-13","15","9"
"2022","Palacios, Joshua","641943","120","49","209","-5","-5","0","-1","1"
"2022","Cruz, Nelson","443558","120","506","1992","-1","-7","-17","15","8"
"2022","Abrams, CJ","682928","120","302","1008","-10","-9","-9","3","5"
"2022","Robles, Victor","645302","120","407","1415","-11","-12","-10","6","5"
"2022","Escobar, Alcides","444876","120","131","510","-6","-4","-6","2","2"
"2022","Ruiz, Keibert","660688","120","433","1538","-11","-14","-14","10","8"
"2022","Hernandez, Yadiel","628450","120","327","1303","-1","-5","-8","8","3"
"2022","Barrera, Tres","668663","120","53","194","-5","-5","0","0","0"