"name","player_id","year","player_age","ab","pa","hit","single","double","triple","home_run","strikeout","walk","k_percent","bb_percent","batting_avg","slg_percent","on_base_percent","on_base_plus_slg","b_rbi","r_total_caught_stealing","r_total_stolen_base","r_run","r_stolen_base_2b","r_stolen_base_3b","r_stolen_base_pct","exit_velocity_avg","launch_angle_avg","sweet_spot_percent","barrel","barrel_batted_rate","n_bolts","sprint_speed",""
"Cabrera, Miguel","408234","2021","38","472","526","121","90","16","0","15","118","40",22.4,7.6,".256",".386",".316","0.702","75","0","0","48","0","0",,"91.4","10",32.8,"30",8.3,,"23.9",
"Cruz Jr., Nelson","443558","2021","40","513","584","136","82","21","1","32","126","51",21.6,8.7,".265",".497",".334","0.831","86","0","3","79","3","0",,"92.9","11.8",31.8,"54",13.6,,"26.0",
"Peralta, David","444482","2021","33","487","538","126","80","30","8","8","92","46",17.1,8.6,".259",".402",".325","0.727","63","1","2","57","2","0",,"89.3","5.3",27.2,"20",5,,"27.6",
"Blackmon, Charlie","453568","2021","34","514","582","139","97","25","4","13","91","54",15.6,9.3,".270",".411",".351","0.762","78","0","3","76","3","0",,"87.6","10.2",32.6,"30",7,"1","27.7",
"McCutchen, Andrew","457705","2021","34","482","574","107","55","24","1","27","132","81",23,14.1,".222",".444",".334","0.778","80","1","6","78","5","0",,"88.8","14.6",33.6,"32",9,"5","28.7",
"Turner, Justin","457759","2021","36","533","612","148","99","22","0","27","98","61",16,10,".278",".471",".361","0.832","87","0","3","87","2","1",,"90.9","19.2",36.5,"35",7.9,,"25.5",
"Votto, Joey","458015","2021","37","448","533","119","59","23","1","36","127","77",23.8,14.4,".266",".563",".375","0.938","99","0","1","73","0","1",,"92.9","18.2",44.3,"56",17.2,,"25.2",
"Andrus, Elvis","462101","2021","32","497","541","121","91","25","2","3","81","31",15,5.7,".243",".320",".294","0.614","37","2","12","60","9","3",,"87.8","8.1",34,"9",2.1,,"26.7",
"Santana, Carlos","467793","2021","35","565","659","121","87","15","0","19","102","86",15.5,13.1,".214",".342",".319","0.661","69","0","2","66","2","0",,"89.9","12.9",28,"32",6.8,,"24.9",
"Lowrie, Jed","476704","2021","37","457","512","112","70","28","0","14","108","49",21.1,9.6,".245",".398",".318","0.716","69","0","0","55","0","0",,"90.7","16.4",36.5,"33",9.3,,"25.2",
"Brantley Jr., Michael","488726","2021","34","469","508","146","106","29","3","8","53","33",10.4,6.5,".311",".437",".362","0.799","47","0","1","68","1","0",,"89.5","9.9",38.8,"24",5.8,,"25.7",
"Gurriel, Yuli","493329","2021","37","530","605","169","123","31","0","15","68","59",11.2,9.8,".319",".462",".383","0.845","81","1","1","83","1","0",,"89.8","13.4",31,"16",3.4,,"27.0",
"Rojas, Miguel","500743","2021","32","495","539","131","89","30","3","9","74","37",13.7,6.9,".265",".392",".322","0.714","48","3","13","66","10","3",,"86.2","11.5",32.4,"12",2.8,,"26.6",
"Escobar, Eduardo","500871","2021","32","549","599","139","80","26","5","28","124","48",20.7,8,".253",".472",".314","0.786","90","0","1","77","1","0",,"87","20.8",38,"38",8.9,,"27.4",
"Pham, Tommy","502054","2021","33","475","561","109","68","24","2","15","128","78",22.8,13.9,".229",".383",".340","0.723","49","6","14","74","13","0",,"90.8","7.6",35.6,"35",10,,"27.8",
"Martinez, J.D.","502110","2021","33","570","634","163","90","42","3","28","150","55",23.7,8.7,".286",".518",".349","0.867","99","0","0","92","0","0",,"92.1","16.9",41.2,"53",12.5,,"26.1",
"Goldschmidt, Paul","502671","2021","33","603","679","177","108","36","2","31","136","67",20,9.9,".294",".514",".365","0.879","99","0","12","102","10","2",,"92.6","17.1",36.9,"64",13.6,,"26.2",
"Altuve, Jose","514888","2021","31","601","678","167","103","32","1","31","91","66",13.4,9.7,".278",".489",".350","0.839","83","3","5","117","3","2",,"87.7","15.6",32.1,"33",6.4,"40","28.0",
"Hernandez, Cesar","514917","2021","31","570","637","132","88","21","2","21","135","59",21.2,9.3,".232",".386",".308","0.694","62","1","1","84","1","0",,"87.4","10.7",32.6,"30",6.8,"34","28.7",
"Segura, Jean","516416","2021","31","514","567","149","105","27","3","14","78","39",13.8,6.9,".290",".436",".348","0.784","58","3","9","76","8","1",,"87.2","5.8",31.1,"26",5.9,"4","27.3",
"Marte, Starling","516782","2021","32","467","526","145","103","27","3","12","99","43",18.8,8.2,".310",".458",".383","0.841","55","5","47","89","42","5",,"87.6","4.6",32.6,"31",8.4,"22","28.4",
"Donaldson, Josh","518626","2021","35","457","543","113","61","26","0","26","114","74",21,13.6,".247",".475",".352","0.827","72","0","0","73","0","0",,"94.1","14.6",30.2,"61",17.4,,"24.5",
"Freeman, Freddie","518692","2021","31","600","695","180","122","25","2","31","107","85",15.4,12.2,".300",".503",".393","0.896","83","3","8","120","7","0",,"91.4","12",37.2,"57",11.5,,"27.0",
"LeMahieu, DJ","518934","2021","32","597","679","160","125","24","1","10","94","73",13.8,10.8,".268",".362",".349","0.711","57","2","4","84","3","1",,"90.6","5",33.3,"19",3.7,,"26.5",
"Rizzo, Anthony","519203","2021","31","496","576","123","75","23","3","22","87","52",15.1,9,".248",".440",".344","0.784","61","2","6","73","6","0",,"90.1","14.8",31.4,"32",7.7,,"25.2",
"Stanton, Giancarlo","519317","2021","31","510","579","139","85","19","0","35","157","63",27.1,10.9,".273",".516",".354","0.870","97","0","0","64","0","0",,"95.1","10.3",32.6,"56",15.7,,"24.7",
"Perez, Salvador","521692","2021","31","620","665","169","97","24","0","48","170","28",25.6,4.2,".273",".544",".316","0.860","121","0","1","88","1","0",,"93","15.9",34.1,"74",16.3,,"26.1",
"Garcia, Avisail","541645","2021","30","461","515","121","74","18","0","29","121","38",23.5,7.4,".262",".490",".330","0.820","86","4","8","68","8","0",,"90.4","9.3",35.9,"42",12.2,"1","28.6",
"Villar, Jonathan","542340","2021","30","454","505","113","75","18","2","18","132","46",26.1,9.1,".249",".416",".322","0.738","42","7","14","63","12","2",,"88","7",29.9,"24",7.4,,"27.3",
"Aguilar, Jesus","542583","2021","31","449","510","117","72","23","0","22","93","46",18.2,9,".261",".459",".329","0.788","93","0","0","49","0","0",,"89.6","19",34.7,"31",8.5,,"24.3",
"Crawford, Brandon","543063","2021","34","483","549","144","87","30","3","24","105","56",19.1,10.2,".298",".522",".373","0.895","90","3","11","79","7","4",,"88.8","14.7",35.8,"44",11.5,,"25.8",
"Cron, C.J.","543068","2021","31","470","547","132","72","31","1","28","117","60",21.4,11,".281",".530",".375","0.905","92","0","1","70","1","0",,"88.8","15.8",31.9,"41",11.5,,"25.9",
"Grossman, Robbie","543257","2021","31","557","671","133","84","23","3","23","155","98",23.1,14.6,".239",".415",".357","0.772","67","5","20","88","19","1",,"87.8","21.1",39.5,"31",7.6,,"27.8",
"Harrison, Josh","543281","2021","33","505","558","141","98","33","2","8","75","31",13.4,5.6,".279",".400",".341","0.741","60","5","9","58","8","1",,"87.2","14.5",39.5,"19",4.4,,"26.8",
"Hosmer, Eric","543333","2021","31","509","565","137","97","28","0","12","99","48",17.5,8.5,".269",".395",".337","0.732","65","4","5","53","5","0",,"90.5","3.3",26.6,"24",5.8,,"26.0",
"Semien, Marcus","543760","2021","30","652","724","173","87","39","2","45","146","66",20.2,9.1,".265",".538",".334","0.872","102","1","15","115","13","2",,"89.7","20.3",35.2,"50",9.8,"5","28.6",
"Grichuk, Randal","545341","2021","29","511","545","123","75","25","1","22","114","27",20.9,5,".241",".423",".281","0.704","81","3","0","59","0","0",,"89.8","16.1",30.4,"34",8.5,,"28.1",
"Harper, Bryce","547180","2021","28","488","599","151","73","42","1","35","134","100",22.4,16.7,".309",".615",".429","1.044","84","3","13","101","7","5",,"92.5","13.3",38.9,"65",18.1,,"27.8",
"Abreu, Jose","547989","2021","34","566","659","148","86","30","2","30","143","61",21.7,9.3,".261",".481",".351","0.832","117","0","1","86","1","0",,"92","10.4",31.2,"44",10.2,,"26.5",
"Suarez, Eugenio","553993","2021","29","505","574","100","46","23","0","31","171","56",29.8,9.8,".198",".428",".286","0.714","79","1","0","71","0","0",,"89.1","18.3",33,"51",15,,"26.7",
"Schoop, Jonathan","570731","2021","29","623","674","173","120","30","1","22","133","37",19.7,5.5,".278",".435",".320","0.755","84","0","2","85","1","1",,"88.1","10.8",30.1,"34",6.8,,"27.0",
"Arenado, Nolan","571448","2021","30","593","653","151","80","34","3","34","96","50",14.7,7.7,".255",".494",".312","0.806","105","0","2","81","2","0",,"89","20",34.1,"34",6.7,,"25.4",
"Farmer, Kyle","571657","2021","30","483","529","127","87","22","2","16","97","22",18.3,4.2,".263",".416",".316","0.732","63","3","2","60","2","0",,"87.2","15.8",36,"17",4.3,,"27.0",
"Haniger, Mitch","571745","2021","30","620","691","157","93","23","2","39","169","54",24.5,7.8,".253",".485",".318","0.803","100","0","1","110","0","1",,"89.3","14.8",33.6,"58",12.6,"1","27.2",
"Hernandez, Enrique","571771","2021","29","508","585","127","69","35","3","20","110","61",18.8,10.4,".250",".449",".337","0.786","60","0","1","84","1","0",,"90.8","17.9",36.5,"34",8.4,,"27.4",
"Muncy, Max","571970","2021","30","497","592","124","60","26","2","36","120","83",20.3,14,".249",".527",".368","0.895","94","1","2","95","2","0",,"91.2","15.2",34.9,"61",16.1,,"26.7",
"Seager, Kyle","572122","2021","33","603","670","128","63","29","1","35","161","59",24,8.8,".212",".438",".285","0.723","101","1","3","73","2","1",,"89","19.5",35.7,"55",12.3,,"25.5",
"Taylor, Michael A.","572191","2021","30","483","528","118","89","16","1","12","144","33",27.3,6.3,".244",".356",".297","0.653","54","7","14","58","11","3",,"89.4","12.1",30.6,"23",6.6,"6","28.2",
"Yastrzemski, Mike","573262","2021","30","468","532","105","49","28","3","25","131","51",24.6,9.6,".224",".457",".311","0.768","71","0","4","75","4","0",,"89.5","19.4",33.1,"35",10.3,"1","27.3",
"Iglesias, Jose","578428","2021","31","483","511","131","93","27","2","9","75","21",14.7,4.1,".271",".391",".309","0.700","48","2","5","65","4","1",,"85.4","11.5",35.5,"14",3.4,"2","28.3",
"Bryant, Kris","592178","2021","29","513","586","136","77","32","2","25","135","62",23,10.6,".265",".481",".353","0.834","73","2","10","86","10","0",,"88.2","15.1",37.1,"39",10.3,,"27.9",
"Canha, Mark","592192","2021","32","519","625","120","77","22","4","17","128","77",20.5,12.3,".231",".387",".358","0.745","61","2","12","93","7","5",,"87.3","13.5",36.1,"28",7.1,,"27.8",
"Castellanos, Nick","592206","2021","29","531","585","164","91","38","1","34","121","41",20.7,7,".309",".576",".362","0.938","100","1","3","95","3","0",,"89.8","14",44,"44",10.6,,"27.6",
"Judge, Aaron","592450","2021","29","550","633","158","95","24","0","39","158","75",25,11.8,".287",".544",".373","0.917","98","1","6","89","6","0",,"95.8","11.6",38.5,"70",17.6,"1","27.6",
"Machado, Manny","592518","2021","28","564","640","157","96","31","2","28","102","63",15.9,9.8,".278",".489",".347","0.836","106","3","12","92","12","0",,"93.1","14",33.8,"63",13.3,,"26.4",
"Realmuto, J.T.","592663","2021","30","476","537","125","79","25","4","17","129","48",24,8.9,".263",".439",".343","0.782","73","3","13","64","11","1",,"89.6","11.5",31.2,"30",8.6,"4","28.8",
"Renfroe, Hunter","592669","2021","29","521","572","135","71","33","0","31","130","44",22.7,7.7,".259",".501",".315","0.816","96","2","1","89","1","0",,"90.1","15.6",32.7,"57",14.4,,"27.3",
"Merrifield, Whit","593160","2021","32","664","720","184","129","42","3","10","103","40",14.3,5.6,".277",".395",".317","0.712","74","4","40","97","23","16",,"86.9","14.1",40,"20",3.5,"1","28.6",
"Bogaerts, Xander","593428","2021","28","529","603","156","98","34","1","23","113","62",18.7,10.3,".295",".493",".370","0.863","79","1","5","90","2","3",,"89.6","12.5",36.4,"41",9.7,"1","27.7",
"Polanco, Jorge","593871","2021","27","588","644","158","88","35","2","33","118","45",18.3,7,".269",".503",".323","0.826","98","6","11","97","8","3",,"89.4","19.3",36.1,"48",10.1,"8","27.9",
"Sano, Miguel","593934","2021","28","470","532","105","51","24","0","30","183","59",34.4,11.1,".223",".466",".312","0.778","75","1","2","68","1","1",,"93.4","17.6",32.3,"51",17.7,,"26.5",
"Duvall, Adam","594807","2021","32","513","555","117","60","17","2","38","174","35",31.4,6.3,".228",".491",".281","0.772","113","0","5","67","4","1",,"89.8","23.6",33.3,"55",16.1,,"28.6",
"Baez, Javier","595879","2021","28","502","547","133","82","18","2","31","184","28",33.6,5.1,".265",".494",".319","0.813","87","5","18","80","13","5",,"90.1","10.6",32.7,"43",13.4,"2","28.5",
"Lindor, Francisco","596019","2021","27","452","524","104","65","16","3","20","96","58",18.3,11.1,".230",".412",".322","0.734","63","4","10","73","9","1",,"90.7","14.4",35.6,"30",8.2,"1","27.8",
"Story, Trevor","596115","2021","28","526","595","132","69","34","5","24","139","53",23.4,8.9,".251",".471",".329","0.800","75","6","20","88","19","1",,"90.6","17.5",34.2,"39",9.9,"17","28.7",
"Candelario, Jeimer","600869","2021","27","557","626","151","90","42","3","16","135","65",21.6,10.4,".271",".443",".351","0.794","67","0","0","75","0","0",,"88.7","12.6",38.6,"38",9,,"27.2",
"Bell, Josh","605137","2021","28","498","568","130","78","24","1","27","101","65",17.8,11.4,".261",".476",".347","0.823","88","0","0","75","0","0",,"92.5","4.9",28.5,"35",8.8,,"26.2",
"Betts, Mookie","605141","2021","28","466","550","123","68","29","3","23","86","68",15.6,12.4,".264",".487",".367","0.854","58","5","10","93","7","3",,"90.3","18.9",34,"30",7.8,,"27.1",
"Tapia, Raimel","606132","2021","27","487","533","133","99","26","2","6","70","40",13.1,7.5,".273",".372",".327","0.699","50","6","20","69","19","1",,"85.7","-4.4",19.9,"9",2.1,"7","28.3",
"Hernandez, Teoscar","606192","2021","28","550","595","163","102","29","0","32","148","36",24.9,6.1,".296",".524",".346","0.870","116","4","12","92","11","1",,"91.8","13.1",37.4,"56",13.9,"12","28.5",
"Turner, Trea","607208","2021","28","595","646","195","130","34","3","28","110","41",17,6.3,".328",".536",".375","0.911","77","5","32","107","25","7",,"89.6","11.4",34.6,"36",7.4,"147","30.7",
"Ramirez, Jose","608070","2021","28","552","636","147","74","32","5","36","87","72",13.7,11.3,".266",".538",".355","0.893","103","4","27","111","22","5",,"90","18.2",33.4,"52",11.1,"4","28.2",
"Gallo, Joey","608336","2021","27","498","616","99","47","13","1","38","213","111",34.6,18,".199",".458",".351","0.809","77","0","6","90","5","1",,"91.5","22.7",29.4,"53",18.5,,"27.4",
"Swanson, Dansby","621020","2021","27","588","653","146","84","33","2","27","167","52",25.6,8,".248",".449",".311","0.760","88","3","9","78","9","0",,"89.3","14.1",36.8,"49",11.4,"4","28.4",
"Newman, Kevin","621028","2021","27","517","554","117","87","22","3","5","41","27",7.4,4.9,".226",".309",".265","0.574","39","1","6","50","6","0",,"85.3","9.9",32,"8",1.6,,"28.4",
"Taylor, Chris","621035","2021","30","507","582","129","80","25","4","20","167","63",28.7,10.8,".254",".438",".344","0.782","73","1","13","92","11","1",,"88.2","17.4",38.1,"35",10.2,"1","28.8",
"Correa, Carlos","621043","2021","26","555","640","155","94","34","1","26","116","75",18.1,11.7,".279",".485",".366","0.851","92","0","0","104","0","0",,"90.2","12.1",33.5,"42",9.4,,"26.9",
"Olson, Matt","621566","2021","27","565","673","153","79","35","0","39","113","88",16.8,13.1,".271",".540",".371","0.911","111","1","4","101","4","0",,"91.6","16.2",32.4,"59",12.7,,"25.9",
"Alonso, Pete","624413","2021","26","561","637","147","80","27","3","37","127","60",19.9,9.4,".262",".519",".344","0.863","94","0","3","81","3","0",,"91","14.7",34.5,"65",14.8,,"26.0",
"Frazier, Adam","624428","2021","29","577","639","176","130","36","5","5","69","48",10.8,7.5,".305",".411",".368","0.779","43","5","10","83","8","2",,"85.4","12.6",38.9,"5",1,,"27.1",
"Soler, Jorge","624585","2021","29","516","602","115","61","27","0","27","142","67",23.6,11.1,".223",".432",".316","0.748","70","0","0","74","0","0",,"91.2","15.7",30.9,"48",12.7,,"26.9",
"Cronenworth, Jake","630105","2021","27","567","643","151","90","33","7","21","90","55",14,8.6,".266",".460",".340","0.800","71","3","4","94","4","0",,"88.6","12.5",35.8,"35",7.2,"5","28.5",
"Meadows, Austin","640457","2021","26","518","591","121","62","29","3","27","122","59",20.6,10,".234",".458",".315","0.773","106","3","4","79","4","0",,"89.3","21.7",36.1,"35",8.7,,"27.5",
"Anderson, Tim","641313","2021","28","527","551","163","115","29","2","17","119","22",21.6,4,".309",".469",".338","0.807","61","7","18","94","16","2",,"89.6","4.3",32.5,"32",7.8,"32","28.0",
"Crawford, J.P.","641487","2021","26","619","687","169","123","37","0","9","114","58",16.6,8.4,".273",".376",".338","0.714","54","6","3","89","3","0",,"86.3","9.8",34.3,"12",2.4,,"27.5",
"Dozier, Hunter","641531","2021","29","487","543","105","56","27","6","16","154","43",28.4,7.9,".216",".394",".285","0.679","54","4","5","55","5","0",,"89.9","15.8",33,"30",8.8,,"28.2",
"Mancini III, Trey","641820","2021","29","556","616","142","87","33","1","21","143","51",23.2,8.3,".255",".432",".326","0.758","71","0","0","77","0","0",,"88.9","9.7",36,"43",10.4,,"26.6",
"McMahon, Ryan","641857","2021","26","528","596","134","78","32","1","23","147","59",24.7,9.9,".254",".449",".331","0.780","86","2","6","80","6","0",,"90.5","14.3",40.2,"28",7.3,,"26.2",
"O'Neill, Tyler","641933","2021","26","482","537","138","76","26","2","34","168","38",31.3,7.1,".286",".560",".352","0.912","80","4","15","89","15","0",,"93","17.8",39.9,"57",17.9,"38","29.7",
"Rosario, Amed","642708","2021","25","550","588","155","113","25","6","11","120","31",20.4,5.3,".282",".409",".321","0.730","57","0","13","77","13","0",,"88.8","5.5",32,"12",2.8,"67","29.5",
"Adames, Willy","642715","2021","25","497","555","130","72","32","1","25","156","57",28.1,10.3,".262",".481",".337","0.818","73","4","5","77","5","0",,"89.5","16.8",35.1,"39",11.4,,"28.0",
"Benintendi, Andrew","643217","2021","26","493","538","136","90","27","2","17","97","36",18,6.7,".276",".442",".324","0.766","73","9","8","63","8","0",,"89.6","15.4",38.5,"36",8.9,,"27.6",
"Kiner-Falefa, Isiah","643396","2021","26","635","677","172","136","25","3","8","90","28",13.3,4.1,".271",".357",".312","0.669","53","5","20","74","17","3",,"85.5","5.4",31.6,"10",1.8,,"28.0",
"Albies, Ozzie","645277","2021","24","629","686","163","86","40","7","30","128","47",18.7,6.9,".259",".488",".310","0.798","106","4","20","103","20","0",,"89.6","21.1",37,"47",9.3,"21","28.4",
"Devers, Rafael","646240","2021","24","591","664","165","89","37","1","38","143","62",21.5,9.3,".279",".538",".352","0.890","113","5","5","101","4","1",,"92.9","13.1",35.2,"68",15,,"26.9",
"Urias, Luis","649966","2021","24","490","570","122","73","25","1","23","116","63",20.4,11.1,".249",".445",".345","0.790","75","1","5","77","5","0",,"87.9","14.2",34.9,"35",9.3,,"26.5",
"Torres, Gleyber","650402","2021","24","459","516","119","88","22","0","9","104","50",20.2,9.7,".259",".366",".331","0.697","51","6","14","50","11","3",,"87.1","14.2",37.1,"28",7.8,,"27.0",
"Diaz, Yandy","650490","2021","29","465","541","119","85","20","1","13","85","69",15.7,12.8,".256",".387",".353","0.740","64","1","1","62","1","0",,"89.9","6.6",28.9,"27",7,,"26.5",
"Chapman, Matt","656305","2021","28","529","622","111","66","15","3","27","202","80",32.5,12.9,".210",".403",".314","0.717","72","2","3","75","3","0",,"89.7","18.6",32.1,"46",13.7,"1","28.1",
"Mullins II, Cedric","656775","2021","26","602","675","175","103","37","5","30","125","59",18.5,8.7,".291",".518",".360","0.878","59","8","30","91","25","4",,"89.4","14.8",35.7,"39",8.1,"19","28.5",
"Smith, Pavin","656976","2021","25","498","545","133","91","27","4","11","106","42",19.4,7.7,".267",".404",".328","0.732","49","0","1","68","1","0",,"87.2","9",33.6,"20",5.1,,"26.5",
"Verdugo, Alex","657077","2021","25","544","604","157","110","32","2","13","96","51",15.9,8.4,".289",".426",".351","0.777","63","2","6","88","5","1",,"90","7.7",34.7,"32",7.1,,"27.0",
"Moncada, Yoan","660162","2021","26","520","616","137","89","33","1","14","157","84",25.5,13.6,".263",".412",".375","0.787","61","2","3","74","3","0",,"90.1","11.3",40,"30",8.2,"9","27.7",
"Ohtani, Shohei","660271","2021","26","537","639","138","58","26","8","46","189","96",29.6,15,".257",".592",".372","0.964","100","10","26","103","24","1",,"93.6","16.6",35.4,"78",22.3,"7","28.8",
"Riley, Austin","663586","2021","24","590","662","179","112","33","1","33","168","52",25.4,7.9,".303",".531",".367","0.898","107","1","0","91","0","0",,"90.1","14.2",36.5,"57",13.3,,"27.8",
"Mountcastle, Ryan","663624","2021","24","534","586","136","79","23","1","33","161","41",27.5,7,".255",".487",".309","0.796","89","3","4","77","4","0",,"89.1","16.3",38.9,"45",11.8,,"28.1",
"Tucker, Kyle","663656","2021","24","506","567","149","79","37","3","30","90","53",15.9,9.3,".294",".557",".359","0.916","92","2","14","83","13","1",,"91.4","17.6",42,"49",11.6,,"27.4",
"India, Jonathan","663697","2021","24","532","631","143","86","34","2","21","141","71",22.3,11.3,".269",".459",".376","0.835","69","3","12","98","7","5",,"87.6","13.1",33.6,"38",9.6,"1","28.5",
"Grisham, Trent","663757","2021","24","462","527","112","66","28","3","15","119","54",22.6,10.2,".242",".413",".327","0.740","62","5","13","61","13","0",,"88.8","12.3",31,"18",5.2,"9","28.8",
"Lowe, Nathaniel","663993","2021","25","557","642","147","102","24","3","18","162","80",25.2,12.5,".264",".415",".357","0.772","72","0","8","75","8","0",,"90.8","5",31.4,"38",9.5,,"27.3",
"Happ, Ian","664023","2021","26","465","535","105","59","20","1","25","156","62",29.2,11.6,".226",".434",".323","0.757","66","2","9","63","8","1",,"89.5","9.9",30.8,"34",10.9,,"27.7",
"France, Ty","664034","2021","26","571","650","166","115","32","1","18","106","46",16.3,7.1,".291",".445",".368","0.813","73","0","0","85","0","0",,"88.5","11",35.9,"32",6.8,,"25.3",
"Lowe, Brandon","664040","2021","26","535","615","132","62","31","0","39","167","68",27.2,11.1,".247",".523",".340","0.863","99","1","7","97","7","0",,"89.3","16.9",37.2,"52",14,,"27.6",
"Fletcher, David","664058","2021","27","626","665","164","132","27","3","2","60","31",9,4.7,".262",".324",".297","0.621","47","3","15","74","11","4",,"82.3","8.2",30.4,"0",0,,"27.7",
"Straw, Myles","664702","2021","26","564","638","153","119","29","1","4","121","67",19,10.5,".271",".348",".349","0.697","48","6","30","86","25","5",,"87.1","11.9",42.6,"6",1.3,"50","29.3",
"Walsh, Jared","665120","2021","27","530","585","147","83","34","1","29","152","48",26,8.2,".277",".509",".340","0.849","98","1","2","70","2","0",,"89.6","7.6",33.6,"43",11.3,,"27.0",
"Tatis Jr., Fernando","665487","2021","22","478","546","135","62","31","0","42","153","62",28,11.4,".282",".611",".364","0.975","97","4","25","99","21","4",,"93.9","13.8",33.1,"70",21.3,"22","29.3",
"Guerrero Jr., Vladimir","665489","2021","22","604","698","188","110","29","1","48","110","86",15.8,12.3,".311",".601",".401","1.002","111","1","4","123","3","1",,"95.1","9.4",33.7,"75",15.1,,"26.8",
"Soto, Juan","665742","2021","22","502","654","157","106","20","2","29","93","145",14.2,22.2,".313",".534",".465","0.999","95","7","9","111","9","0",,"93","5.8",29.7,"55",13.3,,"27.0",
"Chisholm Jr., Jazz","665862","2021","23","464","507","115","73","20","4","18","145","34",28.6,6.7,".248",".425",".303","0.728","53","8","23","70","18","5",,"90.2","9",29,"29",9,"50","29.1",
"Bichette, Bo","666182","2021","23","640","690","191","131","30","1","29","137","40",19.9,5.8,".298",".484",".343","0.827","102","1","25","121","21","4",,"91.4","7.3",33.5,"50",9.9,,"28.0",
"Carlson, Dylan","666185","2021","22","542","619","144","91","31","4","18","152","57",24.6,9.2,".266",".437",".343","0.780","65","1","2","79","2","0",,"88.2","15.1",40.6,"28",7,,"28.0",
"Garcia, Adolis","666969","2021","28","581","622","141","82","26","2","31","194","32",31.2,5.1,".243",".454",".286","0.740","90","5","16","77","13","1",,"91","14.7",29.4,"45",11.5,"3","28.4",
"Gurriel Jr., Lourdes","666971","2021","27","500","541","138","87","28","2","21","102","32",18.9,5.9,".276",".466",".319","0.785","84","3","1","62","1","0",,"89.7","10.5",35.8,"39",9.6,,"26.6",
"Arozarena, Randy","668227","2021","26","529","604","145","90","32","3","20","170","56",28.1,9.3,".274",".459",".356","0.815","69","10","20","94","18","2",,"89.9","7.6",29.7,"30",8.2,"18","28.8",
"Reynolds, Bryan","668804","2021","26","559","646","169","102","35","8","24","119","75",18.4,11.6,".302",".522",".390","0.912","90","2","5","93","4","1",,"89.4","13.4",39.9,"46",10.4,"2","28.7",
"Rojas, Josh","668942","2021","27","484","550","128","82","32","3","11","137","58",24.9,10.5,".264",".411",".341","0.752","44","4","9","69","9","0",,"88.2","8.4",40.7,"17",4.8,,"27.6",
"Edman, Tommy","669242","2021","26","641","691","168","113","41","3","11","95","38",13.7,5.5,".262",".387",".308","0.695","56","5","30","91","28","2",,"87.5","9.5",31.5,"23",4.2,"24","28.9",
"Solak, Nick","669256","2021","26","458","511","111","80","18","2","11","107","34",20.9,6.7,".242",".362",".314","0.676","49","5","7","57","6","1",,"86.9","7",29.3,"23",6.5,"12","29.0",
"Hays, Austin","669720","2021","25","488","529","125","73","26","4","22","107","28",20.2,5.3,".256",".461",".308","0.769","71","3","4","73","4","0",,"88.8","12.5",32.2,"35",9.1,,"27.4",
"Lopez, Nicky","670032","2021","26","497","565","149","120","21","6","2","74","49",13.1,8.7,".300",".378",".365","0.743","43","1","22","78","16","6",,"86.8","2.8",27.6,"3",0.7,"1","28.2",
"Alvarez, Yordan","670541","2021","24","537","598","149","80","35","1","33","145","50",24.2,8.4,".277",".531",".346","0.877","104","0","1","92","1","0",,"93.2","14.1",37.2,"63",15.9,,"26.3",
"Cruz Jr., Nelson","443558","2022","41","448","507","105","79","16","0","10","119","49",23.5,9.7,".234",".337",".313","0.650","64","0","4","50","4","0",,"90.9","7.2",28,"31",9.3,,"25.5",
"Blackmon, Charlie","453568","2022","35","530","577","140","96","22","6","16","109","32",18.9,5.5,".264",".419",".314","0.733","78","1","4","60","4","0",,"86.2","12.4",36.7,"19",4.4,"1","27.9",
"McCutchen, Andrew","457705","2022","35","515","580","122","80","25","0","17","124","57",21.4,9.8,".237",".384",".316","0.700","69","6","8","66","7","1",,"89.1","13.2",36.2,"34",8.6,"15","28.9",
"Turner, Justin","457759","2022","37","468","532","130","81","36","0","13","89","50",16.7,9.4,".278",".438",".350","0.788","81","0","3","61","3","0",,"89.5","18.4",40.6,"31",8,,"25.0",
"Andrus, Elvis","462101","2022","33","535","577","133","84","32","0","17","92","39",15.9,6.8,".249",".404",".303","0.707","58","4","18","66","12","6",,"87.9","11.9",29.1,"20",4.5,,"26.1",
"Santana, Carlos","467793","2022","36","431","506","87","50","18","0","19","88","71",17.4,14,".202",".376",".316","0.692","60","0","0","52","0","0",,"90.7","15.4",31.6,"32",9.3,,"25.7",
"Gurriel, Yuli","493329","2022","38","545","584","132","84","40","0","8","73","30",12.5,5.1,".242",".360",".288","0.648","53","0","8","53","8","0",,"88.2","14.6",30.3,"9",1.9,,"26.9",
"Rojas, Miguel","500743","2022","33","471","507","111","84","19","2","6","61","26",12,5.1,".236",".323",".283","0.606","36","3","9","34","7","2",,"86.1","10.1",33.1,"8",1.9,,"26.4",
"Escobar, Eduardo","500871","2022","33","495","542","119","69","26","4","20","129","40",23.8,7.4,".240",".430",".295","0.725","69","2","0","58","0","0",,"88.3","20.6",38.7,"35",9.4,,"27.9",
"Pham, Tommy","502054","2022","34","554","622","131","90","23","1","17","167","56",26.8,9,".236",".374",".312","0.686","63","3","8","89","8","0",,"92.2","7.7",33.2,"31",7.9,,"27.9",
"Martinez, J.D.","502110","2022","34","533","596","146","86","43","1","16","145","52",24.3,8.7,".274",".448",".341","0.789","62","0","0","76","0","0",,"89.1","14.1",42,"49",12.5,,"26.1",
"Goldschmidt, Paul","502671","2022","34","561","651","178","102","41","0","35","141","79",21.7,12.1,".317",".578",".404","0.982","115","0","7","106","6","1",,"90.8","15.7",31.8,"49",11.6,,"26.2",
"Altuve, Jose","514888","2022","32","527","604","158","91","39","0","28","87","66",14.4,10.9,".300",".533",".387","0.920","57","1","18","103","13","4",,"85.9","16.1",35.4,"34",7.7,"39","28.1",
"Hernandez, Cesar","514917","2022","32","560","617","139","106","28","4","1","114","45",18.5,7.3,".248",".318",".311","0.629","34","4","10","64","10","0",,"84.8","9.3",33.3,"11",2.4,"19","28.3",
"Marte, Starling","516782","2022","33","466","505","136","91","24","5","16","97","26",19.2,5.1,".292",".468",".347","0.815","63","9","18","76","14","2",,"86.8","7.5",38.5,"25",6.8,"13","28.0",
"Donaldson, Josh","518626","2022","36","478","546","106","63","28","0","15","148","54",27.1,9.9,".222",".374",".308","0.682","62","2","2","59","1","1",,"90.7","12",34.8,"33",9.8,,"25.7",
"Freeman, Freddie","518692","2022","32","612","708","199","129","47","2","21","102","84",14.4,11.9,".325",".511",".407","0.918","100","3","13","117","13","0",,"91.3","13.6",42.9,"51",9.9,,"26.9",
"LeMahieu, DJ","518934","2022","33","467","541","122","92","18","0","12","71","67",13.1,12.4,".261",".377",".357","0.734","46","3","4","74","2","2",,"89.2","3",32.8,"21",5.3,,"26.4",
"Rizzo, Anthony","519203","2022","32","465","548","104","50","21","1","32","101","58",18.4,10.6,".224",".480",".338","0.818","75","5","6","77","3","3",,"89.4","19.3",34.2,"40",10.9,,"25.5",
"Flores, Wilmer","527038","2022","30","525","602","120","72","28","1","19","103","59",17.1,9.8,".229",".394",".316","0.710","71","0","0","72","0","0",,"87.8","20.7",35.7,"27",6.3,,"25.2",
"Ozuna, Marcell","542303","2022","31","470","507","106","64","19","0","23","122","31",24.1,6.1,".226",".413",".274","0.687","56","1","2","56","2","0",,"89.4","16.5",31.8,"46",13.1,,"26.6",
"Aguilar, Jesus","542583","2022","32","464","507","109","74","19","0","16","119","28",23.5,5.5,".235",".379",".281","0.660","51","0","1","39","1","0",,"87.7","19.1",39.7,"24",6.9,,"23.9",
"Cron, C.J.","543068","2022","32","575","632","148","88","28","3","29","164","43",25.9,6.8,".257",".468",".315","0.783","102","0","0","79","0","0",,"88.7","14.2",36.8,"45",10.8,,"25.2",
"Semien, Marcus","543760","2022","31","657","724","163","101","31","5","26","120","53",16.6,7.3,".248",".429",".304","0.733","83","8","25","101","21","4",,"87.3","19.9",32.4,"37",6.8,"9","28.9",
"Springer III, George","543807","2022","32","513","583","137","86","22","4","25","100","54",17.2,9.3,".267",".472",".342","0.814","76","2","14","89","13","1",,"88.7","13.9",31.8,"35",8.4,"2","28.3",
"Grichuk, Randal","545341","2022","30","506","538","131","88","21","3","19","127","24",23.6,4.5,".259",".425",".299","0.724","73","0","4","60","4","0",,"90","8.7",27.3,"26",6.8,,"28.0",
"Abreu, Jose","547989","2022","35","601","679","183","128","40","0","15","110","62",16.2,9.1,".304",".446",".378","0.824","75","0","0","85","0","0",,"92.2","8",34.5,"47",9.5,,"26.0",
"Suarez, Eugenio","553993","2022","30","543","629","128","71","24","2","31","196","73",31.2,11.6,".236",".459",".332","0.791","87","0","0","76","0","0",,"89.8","19.9",36.4,"52",14.8,,"25.7",
"Urshela, Gio","570482","2022","30","501","551","143","100","27","3","13","96","41",17.4,7.4,".285",".429",".338","0.767","64","0","1","61","1","0",,"88.9","11.8",38.6,"29",7,,"25.8",
"Schoop, Jonathan","570731","2022","30","481","510","97","62","23","1","11","107","19",21,3.7,".202",".322",".239","0.561","38","0","5","48","5","0",,"87","9.7",29.1,"18",4.8,,"27.0",
"Arenado, Nolan","571448","2022","31","557","620","163","90","42","1","30","72","52",11.6,8.4,".293",".533",".358","0.891","103","3","5","73","5","0",,"88.8","21.7",35.4,"40",8.2,,"25.5",
"Farmer, Kyle","571657","2022","31","526","583","134","94","25","1","14","99","33",17,5.7,".255",".386",".315","0.701","78","3","4","58","4","0",,"85.5","12.7",37.7,"19",4.4,,"26.7",
"Muncy, Max","571970","2022","31","464","565","91","47","22","1","21","141","90",25,15.9,".196",".384",".329","0.713","69","0","2","69","2","0",,"90.3","20.9",34.3,"44",13.4,,"27.2",
"Pollock, AJ","572041","2022","34","489","527","120","79","26","1","14","98","32",18.6,6.1,".245",".389",".292","0.681","56","1","3","61","2","1",,"88.8","11.6",32.9,"37",9.4,"1","27.8",
"Voit III, Luke","572228","2022","31","500","568","113","69","22","0","22","179","55",31.5,9.7,".226",".402",".308","0.710","69","1","1","55","1","0",,"89.8","18.4",34.6,"48",14.7,,"24.7",
"Walker, Christian","572233","2022","31","583","667","141","78","25","2","36","131","69",19.6,10.3,".242",".477",".327","0.804","94","2","2","84","1","0",,"90","17",33.3,"53",11.5,,"26.6",
"Yastrzemski, Mike","573262","2022","31","485","558","104","54","31","2","17","141","61",25.3,10.9,".214",".392",".305","0.697","57","1","5","73","4","1",,"89.9","19.9",36.2,"39",11.1,,"27.0",
"Canha, Mark","592192","2022","33","462","542","123","86","24","0","13","97","48",17.9,8.9,".266",".403",".367","0.770","61","1","3","71","3","0",,"87.7","10.9",32.2,"18",4.9,,"27.5",
"Castellanos, Nick","592206","2022","30","524","558","138","98","27","0","13","130","29",23.3,5.2,".263",".389",".305","0.694","62","1","7","56","6","1",,"87.5","14.6",36.9,"26",6.6,,"27.7",
"Drury, Brandon","592273","2022","29","518","568","136","75","31","2","28","126","38",22.2,6.7,".263",".492",".320","0.812","87","3","2","87","2","0",,"89.1","13.8",34.8,"41",10.4,,"27.0",
"Judge, Aaron","592450","2022","30","570","696","177","87","28","0","62","175","111",25.1,15.9,".311",".686",".425","1.111","131","3","16","133","14","2",,"95.9","15",39,"106",26.5,,"27.3",
"Machado, Manny","592518","2022","29","578","644","172","102","37","1","32","133","63",20.7,9.8,".298",".531",".366","0.897","102","1","9","100","9","0",,"91.5","16",36.7,"44",9.8,,"26.4",
"Realmuto, J.T.","592663","2022","31","504","562","139","86","26","5","22","119","41",21.2,7.3,".276",".478",".342","0.820","84","1","21","75","18","3",,"90.3","13.1",35.6,"44",11.3,"5","28.7",
"Renfroe, Hunter","592669","2022","30","474","522","121","68","23","1","29","121","39",23.2,7.5,".255",".492",".315","0.807","72","1","1","62","1","0",,"90.5","17.7",32.7,"39",10.9,,"27.1",
"Yelich, Christian","592885","2022","30","575","671","145","102","25","4","14","162","88",24.1,13.1,".252",".383",".355","0.738","57","3","19","99","18","1",,"91.5","3.6",30.3,"34",8.2,"8","28.1",
"Merrifield, Whit","593160","2022","33","504","550","126","86","28","1","11","85","38",15.5,6.9,".250",".375",".298","0.673","58","5","16","70","13","3",,"87.1","15.1",37.9,"18",4.2,"1","28.6",
"Bogaerts, Xander","593428","2022","29","557","631","171","118","38","0","15","118","57",18.7,9,".307",".456",".377","0.833","73","2","8","84","3","5",,"88.1","10.2",30.3,"29",6.5,"1","27.9",
"Profar, Jurickson","595777","2022","29","575","658","140","87","36","2","15","103","73",15.7,11.1,".243",".391",".331","0.722","58","1","5","82","5","0",,"87.5","12.9",34.7,"19",4,,"26.6",
"Baez, Javier","595879","2022","29","555","590","132","84","27","4","17","147","26",24.9,4.4,".238",".393",".278","0.671","67","2","9","64","7","2",,"87.9","9.6",29.7,"33",8,,"27.9",
"Lindor, Francisco","596019","2022","28","630","706","170","114","25","5","26","133","59",18.8,8.4,".270",".449",".339","0.788","107","6","16","98","12","4",,"89.3","13.8",29.2,"42",8.3,,"27.6",
"Bell, Josh","605137","2022","29","552","647","147","98","29","3","17","102","81",15.8,12.5,".266",".422",".362","0.784","71","1","0","78","0","0",,"88.9","8.4",30.7,"33",7.2,,"26.2",
"Betts, Mookie","605141","2022","29","572","639","154","76","40","3","35","104","55",16.3,8.6,".269",".533",".340","0.873","82","2","12","117","12","0",,"90.5","18.6",36.2,"46",9.7,,"27.3",
"Hernandez, Teoscar","606192","2022","29","499","535","133","72","35","1","25","152","34",28.4,6.4,".267",".491",".316","0.807","77","3","6","71","5","1",,"92.6","11.6",36.3,"52",15,"5","28.6",
"Marte, Ketel","606466","2022","28","492","558","118","62","42","2","12","101","55",18.1,9.9,".240",".407",".321","0.728","52","1","5","68","2","3",,"90.1","13.5",31.6,"24",6.1,"1","27.0",
"Nimmo, Brandon","607043","2022","29","580","673","159","106","30","7","16","116","71",17.2,10.5,".274",".433",".367","0.800","64","2","3","102","3","0",,"89.4","6.1",28.1,"33",7,"30","28.7",
"Turner, Trea","607208","2022","29","652","708","194","130","39","4","21","131","45",18.5,6.4,".298",".466",".343","0.809","100","3","27","101","25","2",,"88.9","10.2",35.3,"40",7.6,"131","30.3",
"Ramirez, Jose","608070","2022","29","601","685","168","90","44","5","29","82","69",12,10.1,".280",".514",".355","0.869","126","7","20","90","19","1",,"87.7","20.7",33.7,"35",6.6,"5","28.5",
"Bregman, Alex","608324","2022","28","548","656","142","81","38","0","23","77","87",11.7,13.3,".259",".454",".366","0.820","93","2","1","93","0","1",,"88.9","19.5",36.2,"35",7.3,,"26.6",
"Seager, Corey","608369","2022","28","593","663","145","87","24","1","33","103","58",15.5,8.7,".245",".455",".317","0.772","83","0","3","91","2","1",,"91.1","13.6",38.4,"52",10.5,,"26.2",
"Winker, Jesse","608385","2022","28","456","547","100","71","15","0","14","103","84",18.8,15.4,".219",".344",".344","0.688","53","0","0","51","0","0",,"87.7","16.8",32,"27",7.6,,"25.4",
"Swanson, Dansby","621020","2022","28","640","696","177","119","32","1","25","182","49",26.1,7,".277",".447",".329","0.776","96","7","18","99","14","4",,"90.2","15.7",37,"50",10.8,"9","28.4",
"Correa, Carlos","621043","2022","27","522","590","152","105","24","1","22","121","61",20.5,10.3,".291",".467",".366","0.833","64","1","0","70","0","0",,"89.9","11.6",35.3,"46",11.4,"1","27.1",
"Ward, Taylor","621493","2022","28","495","564","139","92","22","2","23","120","60",21.3,10.6,".281",".473",".360","0.833","65","3","5","73","4","1",,"90","15.8",41.8,"47",12.4,"6","28.4",
"Wisdom, Patrick","621550","2022","30","469","534","97","44","28","0","25","183","53",34.3,9.9,".207",".426",".298","0.724","66","4","8","67","6","2",,"90.7","21",29.8,"41",14.2,,"27.8",
"Olson, Matt","621566","2022","28","616","699","148","70","44","0","34","170","75",24.3,10.7,".240",".477",".325","0.802","103","0","0","86","0","0",,"92.9","16.1",33.8,"61",13.6,,"26.3",
"Mateo, Jorge","622761","2022","27","494","533","109","64","25","7","13","147","27",27.6,5.1,".221",".379",".267","0.646","50","9","35","63","29","6",,"86.8","14.8",35.5,"21",6,"69","30.1",
"Santander, Anthony","623993","2022","27","574","647","138","81","24","0","33","122","55",18.9,8.5,".240",".455",".318","0.773","89","2","0","78","0","0",,"90.1","21.4",33.5,"53",11.6,,"26.5",
"Alonso, Pete","624413","2022","27","597","685","162","95","27","0","40","128","67",18.7,9.8,".271",".518",".352","0.870","131","1","5","95","5","0",,"89.8","18.2",34.5,"59",12.3,,"25.6",
"Frazier, Adam","624428","2022","30","541","602","129","100","22","4","3","73","46",12.1,7.6,".238",".311",".301","0.612","42","6","11","61","10","1",,"85.1","13.6",37.7,"7",1.5,,"26.8",
"Cronenworth, Jake","630105","2022","28","587","684","140","89","30","4","17","131","70",19.2,10.2,".239",".390",".332","0.722","88","0","3","88","3","0",,"87.6","18.2",32.3,"26",5.6,"1","28.2",
"Bellinger, Cody","641355","2022","26","504","550","106","57","27","3","19","150","38",27.3,6.9,".210",".389",".265","0.654","68","3","14","70","13","1",,"89.4","20.3",34.4,"30",8.3,"2","28.1",
"Crawford, J.P.","641487","2022","27","518","603","126","93","24","3","6","80","68",13.3,11.3,".243",".336",".339","0.675","42","2","3","57","3","0",,"85.1","8.9",32.4,"9",2,,"26.8",
"Mancini III, Trey","641820","2022","30","519","587","124","82","23","1","18","135","53",23,9,".239",".391",".319","0.710","63","0","0","56","0","0",,"89.5","12.7",39.6,"38",9.8,,"25.6",
"McMahon, Ryan","641857","2022","27","529","597","130","84","23","3","20","158","60",26.5,10.1,".246",".414",".327","0.741","67","3","7","67","7","0",,"91.7","10.8",36.4,"39",10.4,,"25.8",
"Tellez, Rowdy","642133","2022","27","529","599","116","58","23","0","35","121","62",20.2,10.4,".219",".461",".306","0.767","89","1","2","67","2","0",,"91.1","15.3",31.4,"53",12.9,,"23.8",
"Rosario, Amed","642708","2022","26","637","670","180","134","26","9","11","111","25",16.6,3.7,".283",".403",".312","0.715","71","4","18","86","16","2",,"88.4","5",31.1,"24",4.5,"89","29.5",
"Adames, Willy","642715","2022","26","563","617","134","72","31","0","31","166","49",26.9,7.9,".238",".458",".298","0.756","98","3","8","83","6","1",,"88.9","18.9",36.4,"52",13,"1","27.8",
"Estrada, Thairo","642731","2022","26","488","541","127","89","22","2","14","89","33",16.5,6.1,".260",".400",".322","0.722","62","6","21","71","19","2",,"86.2","8.1",31.6,"18",4.4,"6","28.3",
"Benintendi, Andrew","643217","2022","27","461","521","140","109","23","3","5","77","52",14.8,10,".304",".399",".373","0.772","51","3","8","54","8","0",,"89.2","12.6",39.2,"20",5.1,"1","27.5",
"Kemp, Tony","643393","2022","30","497","558","117","84","24","2","7","69","45",12.4,8.1,".235",".334",".307","0.641","46","1","11","61","11","0",,"84.4","15",33.9,"7",1.6,,"26.1",
"Kiner-Falefa, Isiah","643396","2022","27","483","531","126","102","20","0","4","72","35",13.6,6.6,".261",".327",".314","0.641","48","4","22","66","20","2",,"86.2","4.3",29.6,"5",1.2,,"28.4",
"McNeil, Jeff","643446","2022","30","533","589","174","125","39","1","9","61","40",10.4,6.8,".326",".454",".382","0.836","62","0","4","73","3","1",,"86.9","12.8",39,"13",2.7,,"27.4",
"Devers, Rafael","646240","2022","25","555","614","164","94","42","1","27","114","50",18.6,8.1,".295",".521",".358","0.879","88","1","3","84","3","0",,"93.1","11.3",33.1,"51",11.5,,"25.5",
"Arraez, Luis","650333","2022","25","547","603","173","133","31","1","8","43","50",7.1,8.3,".316",".420",".375","0.795","49","4","4","88","3","1",,"88.9","12.9",38.7,"18",3.6,,"26.8",
"Torres, Gleyber","650402","2022","25","526","572","135","82","28","1","24","129","39",22.6,6.8,".257",".451",".310","0.761","76","5","10","73","5","5",,"90.4","17.5",36.2,"43",10.7,,"26.9",
"Diaz, Yandy","650490","2022","30","473","558","140","98","33","0","9","60","78",10.8,14,".296",".423",".401","0.824","57","3","3","71","3","0",,"92.2","7.7",30.7,"20",4.8,,"27.1",
"Rengifo, Luis","650859","2022","25","489","511","129","86","22","4","17","79","17",15.5,3.3,".264",".429",".294","0.723","52","2","6","45","6","0",,"86.9","9.9",31.1,"22",5.4,,"27.9",
"Chapman, Matt","656305","2022","29","538","621","123","68","27","1","27","170","68",27.4,11,".229",".433",".324","0.757","76","2","2","83","2","0",,"92.2","19",34,"48",12.9,,"28.4",
"Hoskins, Rhys","656555","2022","29","589","672","145","80","33","2","30","169","72",25.1,10.7,".246",".462",".332","0.794","79","1","2","81","2","0",,"90.1","18.1",37.3,"47",11.1,,"25.9",
"Mullins II, Cedric","656775","2022","27","608","672","157","105","32","4","16","126","47",18.8,7,".258",".403",".318","0.721","64","10","34","89","29","5",,"88.8","17.4",29.3,"24",4.9,"18","28.4",
"Schwarber, Kyle","656941","2022","29","577","669","126","56","21","3","46","200","86",29.9,12.9,".218",".504",".323","0.827","94","1","10","100","7","2",,"93.3","19.2",35.4,"76",20.1,,"26.4",
"Thomas, Lane","657041","2022","26","498","548","120","75","26","2","17","132","41",24.1,7.5,".241",".404",".301","0.705","52","4","8","62","8","0",,"86.4","12.5",32.6,"24",6.5,"39","29.4",
"Verdugo, Alex","657077","2022","26","593","644","166","115","39","1","11","86","42",13.4,6.5,".280",".405",".328","0.733","74","3","1","75","1","0",,"89.1","8.4",37.8,"31",6,,"26.8",
"Ohtani, Shohei","660271","2022","27","586","666","160","90","30","6","34","161","72",24.2,10.8,".273",".519",".356","0.875","95","9","11","90","9","2",,"92.9","12.1",35,"72",16.8,"9","28.3",
"Acuna Jr., Ronald","660670","2022","24","467","533","124","85","24","0","15","126","53",23.6,9.9,".266",".413",".351","0.764","50","11","29","71","27","2",,"91.2","10.8",32.8,"44",12.8,"25","28.5",
"Varsho, Daulton","662139","2022","25","531","592","125","72","23","3","27","145","46",24.5,7.8,".235",".443",".302","0.745","74","6","16","79","15","1",,"87.7","14.9",33.6,"40",10.2,,"28.0",
"Hoerner, Nico","663538","2022","25","481","517","135","98","22","5","10","57","28",11,5.4,".281",".410",".327","0.737","55","2","20","60","16","4",,"87.2","10.6",32.4,"11",2.6,"12","29.1",
"Riley, Austin","663586","2022","25","615","693","168","89","39","2","38","168","57",24.2,8.2,".273",".528",".349","0.877","93","0","2","90","2","0",,"92.5","12.9",37.7,"71",15.7,,"27.8",
"Mountcastle, Ryan","663624","2022","25","555","609","139","88","28","1","22","154","43",25.3,7.1,".250",".423",".305","0.728","85","1","4","62","3","1",,"91.3","15.9",39.5,"61",15,,"27.5",
"Hayes, Ke'Bryan","663647","2022","25","505","560","123","89","24","3","7","122","48",21.8,8.6,".244",".345",".314","0.659","41","5","20","55","13","7",,"91","5.2",30.6,"15",3.9,,"27.9",
"Tucker, Kyle","663656","2022","25","544","609","140","81","28","1","30","95","59",15.6,9.7,".257",".478",".330","0.808","107","4","25","71","22","3",,"90","19",34.4,"46",10.2,,"26.6",
"Grisham, Trent","663757","2022","25","451","524","83","48","16","2","17","150","57",28.6,10.9,".184",".341",".284","0.625","53","1","7","58","6","1",,"88.3","15.1",25.5,"25",8.1,"8","28.8",
"Rodgers, Brendan","663898","2022","25","527","581","140","94","30","3","13","101","46",17.4,7.9,".266",".408",".325","0.733","63","0","0","72","0","0",,"90","4.6",31.3,"31",7.2,,"26.7",
"Lowe, Nathaniel","663993","2022","26","593","645","179","123","26","3","27","147","48",22.8,7.4,".302",".492",".358","0.850","76","2","2","74","2","0",,"90.2","8.2",34.1,"44",9.9,,"27.1",
"Happ, Ian","664023","2022","27","573","641","155","94","42","2","17","149","58",23.2,9,".271",".440",".342","0.782","72","4","9","72","7","2",,"89.7","10.9",29.2,"28",6.5,,"27.9",
"France, Ty","664034","2022","27","551","613","151","103","27","1","20","94","35",15.3,5.7,".274",".436",".338","0.774","83","0","0","65","0","0",,"87.6","10",34.8,"25",5.4,,"24.7",
"Straw, Myles","664702","2022","27","535","596","118","93","22","3","0","87","54",14.6,9.1,".221",".273",".291","0.564","32","1","21","72","18","3",,"87","9.8",34.1,"3",0.7,"48","29.3",
"Bohm, Alec","664761","2022","25","586","631","164","124","24","3","13","110","31",17.4,4.9,".280",".398",".315","0.713","72","3","2","79","2","0",,"90.2","10.4",37.7,"33",6.8,,"27.1",
"Brown, Seth","664913","2022","29","500","555","115","61","26","3","25","146","51",26.3,9.2,".230",".444",".305","0.749","73","2","11","55","11","0",,"89.2","15.8",34.9,"46",13,,"27.8",
"Pena, Jeremy","665161","2022","24","521","558","132","88","20","2","22","135","22",24.2,3.9,".253",".426",".289","0.715","63","2","11","72","11","0",,"88.1","8.7",32.9,"38",9.7,"38","29.4",
"Guerrero Jr., Vladimir","665489","2022","23","638","706","175","108","35","0","32","116","58",16.4,8.2,".274",".480",".339","0.819","97","3","8","90","6","2",,"92.8","4.3",27.9,"59",11.2,,"26.6",
"Soto, Juan","665742","2022","23","524","664","127","73","25","2","27","96","135",14.5,20.3,".242",".452",".401","0.853","62","2","6","93","6","0",,"91","9.1",28.5,"53",12.4,,"26.6",
"Gimenez, Andres","665926","2022","23","491","557","146","100","26","3","17","112","34",20.1,6.1,".297",".466",".371","0.837","69","3","20","66","19","1",,"87.8","11.7",31.3,"24",6.2,"44","29.3",
"Bichette, Bo","666182","2022","24","652","697","189","121","43","1","24","155","41",22.2,5.9,".290",".469",".333","0.802","93","8","13","91","13","0",,"91.9","8.5",33.3,"48",9.6,,"27.5",
"Garcia, Adolis","666969","2022","29","605","657","151","85","34","5","27","183","40",27.9,6.1,".250",".456",".300","0.756","101","6","25","88","23","2",,"92.1","13.2",36.9,"55",12.9,"12","28.0",
"Arozarena, Randy","668227","2022","27","586","645","154","90","41","3","20","156","46",24.2,7.1,".263",".445",".327","0.772","89","12","32","72","27","5",,"89.9","8.8",28.2,"34",7.9,"13","28.8",
"Reynolds, Bryan","668804","2022","27","542","614","142","92","19","4","27","141","56",23,9.1,".262",".461",".345","0.806","62","3","7","74","7","0",,"90.2","12",35.5,"32",7.9,"1","28.2",
"Rojas, Josh","668942","2022","28","443","510","119","84","25","1","9","98","55",19.2,10.8,".269",".391",".349","0.740","56","3","23","66","20","3",,"88.8","11.9",33.5,"16",4.5,,"27.3",
"Melendez Jr., MJ","669004","2022","23","460","534","100","58","21","3","18","131","66",24.5,12.4,".217",".393",".313","0.706","62","3","2","57","2","0",,"90.7","15.1",31,"35",10.4,,"27.8",
"Murphy, Sean","669221","2022","27","537","612","134","77","37","2","18","124","56",20.3,9.2,".250",".426",".332","0.758","66","0","1","67","1","0",,"88.7","11.5",34.7,"44",10.5,,"26.1",
"Edman, Tommy","669242","2022","27","577","630","153","105","31","4","13","111","46",17.6,7.3,".265",".400",".324","0.724","57","3","32","95","29","3",,"88.6","8.7",31.6,"29",6.2,"12","28.8",
"Smith, Will","669257","2022","27","508","578","132","79","26","3","24","96","56",16.6,9.7,".260",".465",".343","0.808","87","0","1","68","1","0",,"89.9","18.4",36.8,"43",10.3,,"27.5",
"Hays, Austin","669720","2022","26","535","582","134","81","35","2","16","114","34",19.6,5.8,".250",".413",".306","0.719","60","4","2","66","2","0",,"87.7","11.3",32.3,"22",5.2,,"27.8",
"Alvarez, Yordan","670541","2022","25","470","561","144","76","29","2","37","106","78",18.9,13.9,".306",".613",".406","1.019","97","1","1","95","0","0",,"95.2","12.3",40.7,"78",21,,"26.6",
"Kirk, Alejandro","672386","2022","23","470","541","134","101","19","0","14","58","63",10.7,11.6,".285",".415",".372","0.787","63","0","0","59","0","0",,"90.5","8.1",32,"28",6.7,,"24.1",
"Kim, Ha-Seong","673490","2022","26","517","582","130","87","29","3","11","100","51",17.2,8.8,".251",".383",".325","0.708","59","2","12","58","11","1",,"86.7","16.1",34,"18",4.2,"1","28.4",
"Rodriguez, Julio","677594","2022","21","511","560","145","89","25","3","28","145","40",25.9,7.1,".284",".509",".345","0.854","75","7","25","84","25","0",,"92","10.1",32.7,"48",13.1,"74","29.8",
"Witt Jr., Bobby","677951","2022","22","591","632","150","93","31","6","20","135","30",21.4,4.7,".254",".428",".294","0.722","80","7","30","82","27","3",,"89.7","16.8",32.5,"40",8.7,"107","30.4",
"Kwan, Steven","680757","2022","24","563","638","168","130","25","7","6","60","62",9.4,9.7,".298",".400",".373","0.773","52","5","19","89","18","1",,"85.1","11.8",34.6,"7",1.4,"17","28.4",
"Vaughn, Andrew","683734","2022","24","510","555","138","92","28","1","17","96","31",17.3,5.6,".271",".429",".321","0.750","76","0","0","60","0","0",,"90.8","7.5",34.1,"33",7.9,,"26.2",
"Turner, Justin","457759","2023","38","558","626","154","100","31","0","23","110","51",17.6,8.1,".276",".455",".345","0.800","96","1","4","86","3","1",,"89.5","16.5",36.8,"26",5.7,,"25.1",
"Santana, Carlos","467793","2023","37","550","619","132","75","33","1","23","104","65",16.8,10.5,".240",".429",".318","0.747","86","0","6","78","4","2",,"88.8","12.8",31.3,"30",6.7,,"25.9",
"Goldschmidt, Paul","502671","2023","35","593","687","159","103","31","0","25","161","87",23.4,12.7,".268",".447",".363","0.810","80","2","11","89","8","3",,"91.3","12.8",35.6,"52",12,,"26.4",
"Freeman, Freddie","518692","2023","33","637","730","211","121","59","2","29","121","72",16.6,9.9,".331",".567",".410","0.977","102","1","23","131","23","0",,"90","15.2",46.6,"58",11.1,,"26.7",
"LeMahieu, DJ","518934","2023","34","497","562","121","81","22","3","15","125","60",22.2,10.7,".243",".390",".327","0.717","44","2","2","55","2","0",,"89.6","3.8",31.6,"22",5.9,,"25.6",
"Perez, Salvador","521692","2023","33","538","580","137","93","21","0","23","135","19",23.3,3.3,".255",".422",".292","0.714","80","0","0","59","0","0",,"90.1","15.6",38,"36",8.8,,"24.2",
"Ozuna, Marcell","542303","2023","32","530","592","145","75","29","1","40","134","57",22.6,9.6,".274",".558",".346","0.904","100","0","0","84","0","0",,"91.8","15.6",34.9,"66",16.6,,"26.4",
"Semien, Marcus","543760","2023","32","670","753","185","112","40","4","29","110","72",14.6,9.6,".276",".478",".348","0.826","100","3","14","122","13","1",,"88.4","19.1",37.5,"37",6.5,"2","28.7",
"Springer III, George","543807","2023","33","613","683","158","111","25","1","21","125","60",18.3,8.8,".258",".405",".327","0.732","72","5","20","87","17","3",,"88.3","12",32.2,"38",7.7,"1","27.8",
"Harper, Bryce","547180","2023","30","457","546","134","83","29","1","21","119","80",21.8,14.7,".293",".499",".401","0.900","72","3","11","84","6","5",,"91.8","9.1",36.8,"52",15.2,,"27.5",
"Abreu, Jose","547989","2023","36","540","594","128","86","23","1","18","130","42",21.9,7.1,".237",".383",".296","0.679","90","1","0","62","0","0",,"89","10.8",32.5,"36",8.7,,"25.5",
"Diaz, Elias","553869","2023","32","486","526","130","90","25","1","14","118","34",22.4,6.5,".267",".409",".316","0.725","72","0","1","48","1","0",,"88.1","12.7",31.2,"23",6.2,,"25.0",
"Suarez, Eugenio","553993","2023","31","598","694","139","88","29","0","22","214","70",30.8,10.1,".232",".391",".323","0.714","96","1","2","68","2","0",,"90.3","18.9",37.7,"52",13.2,,"26.4",
"Arenado, Nolan","571448","2023","32","560","612","149","95","26","2","26","101","41",16.5,6.7,".266",".459",".315","0.774","93","3","3","71","3","0",,"88.8","16.9",33,"34",7.3,,"24.9",
"Hernandez, Enrique","571771","2023","31","465","508","110","76","23","0","11","97","34",19.1,6.7,".237",".357",".289","0.646","61","1","4","57","4","0",,"87.8","17",31,"17",4.5,,"26.9",
"Muncy, Max","571970","2023","32","482","579","102","48","17","1","36","153","85",26.4,14.7,".212",".475",".333","0.808","105","2","1","95","1","0",,"91.2","21.7",33.7,"49",14.6,,"26.9",
"Walker, Christian","572233","2023","32","582","661","150","79","36","2","33","127","62",19.2,9.4,".258",".497",".333","0.830","103","0","11","86","11","0",,"88","15.8",32.6,"53",11.4,"1","26.3",
"Canha, Mark","592192","2023","34","435","507","114","77","25","1","11","79","49",15.6,9.7,".262",".400",".355","0.755","62","1","11","51","7","4",,"87.9","13.1",30.9,"17",4.7,,"27.9",
"Castellanos, Nick","592206","2023","31","626","671","170","102","37","2","29","185","36",27.6,5.4,".272",".476",".311","0.787","106","2","11","79","11","0",,"88.9","14.4",36.5,"46",10.3,,"27.1",
"Drury, Brandon","592273","2023","30","485","523","127","68","30","3","26","136","25",26,4.8,".262",".497",".306","0.803","83","2","0","61","0","0",,"89.9","11.8",35,"39",11,,"27.0",
"Machado, Manny","592518","2023","30","543","601","140","89","21","0","30","109","50",18.1,8.3,".258",".462",".319","0.781","91","2","3","75","3","0",,"91","15",30.2,"46",10.5,,"26.2",
"Realmuto, J.T.","592663","2023","32","489","540","123","70","28","5","20","138","35",25.6,6.5,".252",".452",".310","0.762","63","5","16","70","12","4",,"89.8","16.7",36.2,"40",11.2,"1","28.6",
"Renfroe, Hunter","592669","2023","31","498","548","116","65","31","0","20","125","44",22.8,8,".233",".416",".297","0.713","60","0","0","60","0","0",,"88.3","15",29.5,"23",6.1,,"26.8",
"Rosario, Eddie","592696","2023","31","478","516","122","74","24","3","21","122","34",23.6,6.6,".255",".450",".305","0.755","74","4","3","64","3","0",,"88.6","14.5",35.9,"34",9.5,,"27.9",
"Yelich, Christian","592885","2023","31","550","632","153","99","34","1","19","140","78",22.2,12.3,".278",".447",".370","0.817","76","3","28","106","24","4",,"91.7","3.5",30.4,"38",9.2,"12","28.1",
"Merrifield, Whit","593160","2023","34","547","592","149","111","27","0","11","101","36",17.1,6.1,".272",".382",".318","0.700","67","10","26","66","18","8",,"85.1","14.4",37.2,"11",2.4,"2","28.7",
"Bogaerts, Xander","593428","2023","30","596","665","170","118","31","2","19","110","56",16.5,8.4,".285",".440",".350","0.790","58","2","19","83","12","6",,"87.6","7.9",28.3,"30",6.1,,"27.7",
"Profar, Jurickson","595777","2023","30","459","521","111","73","27","2","9","90","50",17.3,9.6,".242",".368",".321","0.689","46","0","1","55","1","0",,"86.5","14.8",37.7,"15",4,,"25.6",
"Baez, Javier","595879","2023","30","510","547","113","82","18","4","9","125","24",22.9,4.4,".222",".325",".267","0.592","59","0","12","58","11","1",,"88","9.4",28.9,"20",5.2,,"28.1",
"Lindor, Francisco","596019","2023","29","599","684","152","86","33","2","31","137","66",20,9.6,".254",".471",".336","0.807","98","4","31","108","23","7",,"91.2","19.2",35.8,"49",10.4,"1","28.2",
"Candelario, Jeimer","600869","2023","29","505","576","127","63","39","3","22","127","53",22,9.2,".251",".471",".336","0.807","70","1","8","77","8","0",,"88.3","14.1",36.9,"30",7.9,,"27.5",
"Bell, Josh","605137","2023","30","543","613","135","85","28","0","22","133","63",21.7,10.3,".249",".422",".327","0.749","74","1","0","52","0","0",,"90","9.4",31.5,"42",10.2,,"25.9",
"Betts, Mookie","605141","2023","30","584","693","179","99","40","1","39","107","96",15.4,13.9,".307",".579",".408","0.987","107","3","14","126","14","0",,"92.4","20.6",42.5,"60",12.4,,"27.2",
"Davis, J.D.","605204","2023","30","480","546","119","77","23","1","18","152","52",27.8,9.5,".248",".412",".325","0.737","69","0","1","61","1","0",,"91.1","7.8",33.5,"32",9.6,,"25.7",
"Arcia, Orlando","606115","2023","28","488","533","129","87","25","0","17","102","39",19.1,7.3,".264",".420",".321","0.741","65","0","1","66","0","1",,"88.2","5.4",30.6,"27",6.9,,"25.9",
"Hernandez, Teoscar","606192","2023","30","625","678","161","104","29","2","26","211","38",31.1,5.6,".258",".435",".305","0.740","93","2","7","70","6","1",,"91.3","12.3",35.2,"58",13.8,"5","28.6",
"Marte, Ketel","606466","2023","29","569","650","157","97","26","9","25","109","71",16.8,10.9,".276",".485",".358","0.843","82","2","8","94","8","0",,"91.1","10.7",30.8,"37",8,"2","27.5",
"Nimmo, Brandon","607043","2023","30","590","680","161","101","30","6","24","145","74",21.3,10.9,".273",".466",".362","0.828","68","3","3","89","3","0",,"91.8","12.2",33.6,"43",9.6,"2","28.0",
"Turner, Trea","607208","2023","30","639","691","170","104","35","5","26","150","45",21.7,6.5,".266",".459",".320","0.779","76","0","30","102","22","8",,"89.9","13",36.1,"41",8.4,"102","30.2",
"Ramirez, Jose","608070","2023","30","611","691","172","107","36","5","24","73","73",10.6,10.6,".282",".475",".356","0.831","80","6","28","87","26","1",,"90","18",36.8,"38",7,,"27.8",
"Bregman, Alex","608324","2023","29","622","724","163","106","28","4","25","87","92",12,12.7,".262",".441",".363","0.804","98","1","3","103","3","0",,"88.6","17.6",35.8,"29",5.4,,"26.2",
"Seager, Corey","608369","2023","29","477","536","156","81","42","0","33","88","49",16.4,9.1,".327",".623",".390","1.013","96","1","2","88","2","0",,"93.3","13",38,"60",15.2,,"26.1",
"Meneses, Joey","608841","2023","31","611","657","168","118","36","1","13","130","38",19.8,5.8,".275",".401",".321","0.722","89","0","0","71","0","0",,"89.4","9.4",32.9,"26",5.4,,"25.6",
"Swanson, Dansby","621020","2023","29","565","638","138","88","25","3","22","154","66",24.1,10.3,".244",".416",".328","0.744","80","1","9","81","8","1",,"89.3","13",35.1,"45",10.9,"9","28.4",
"Correa, Carlos","621043","2023","28","514","580","118","69","29","2","18","131","59",22.6,10.2,".230",".399",".312","0.711","65","0","0","60","0","0",,"90.4","10.6",31.1,"37",9.6,,"26.5",
"Olson, Matt","621566","2023","29","608","720","172","88","27","3","54","167","104",23.2,14.4,".283",".604",".389","0.993","139","0","1","127","1","0",,"93.7","16.1",31,"73",16.4,,"26.1",
"Santander, Anthony","623993","2023","28","591","656","152","82","41","1","28","152","55",23.2,8.4,".257",".472",".325","0.797","95","1","5","81","5","0",,"90.6","20.2",33,"45",10.2,,"26.6",
"Alonso, Pete","624413","2023","28","564","654","123","54","21","2","46","148","65",22.6,9.9,".218",".507",".320","0.827","118","1","4","92","4","0",,"89.4","18.1",32.4,"62",14.8,,"26.0",
"Soler, Jorge","624585","2023","31","501","576","125","65","24","0","36","141","65",24.5,11.3,".250",".513",".340","0.853","75","0","1","77","1","0",,"91.4","17.8",36.5,"55",15.1,,"26.6",
"Cronenworth, Jake","630105","2023","29","458","522","105","64","24","7","10","97","46",18.6,8.8,".229",".378",".312","0.690","48","1","6","54","5","1",,"87.4","15.2",35.7,"16",4.4,"1","28.3",
"Anderson, Tim","641313","2023","30","493","524","121","100","18","2","1","122","26",23.3,5,".245",".296",".286","0.582","25","2","13","52","10","2",,"87.8","2",32.4,"11",2.9,"11","27.2",
"Bellinger, Cody","641355","2023","27","499","556","153","97","29","1","26","87","40",15.6,7.2,".307",".525",".356","0.881","97","6","20","95","18","2",,"87.9","17.2",38,"26",6.1,"1","28.3",
"Crawford, J.P.","641487","2023","28","534","638","142","88","35","0","19","125","94",19.6,14.7,".266",".438",".380","0.818","65","0","2","94","2","0",,"88.3","15.1",35.3,"20",4.8,,"26.7",
"McMahon, Ryan","641857","2023","28","555","627","133","76","31","3","23","198","68",31.6,10.8,".240",".431",".322","0.753","70","5","5","80","4","1",,"90.8","9.7",39.4,"41",11.4,,"25.9",
"Smith, Dominic","642086","2023","28","527","586","134","100","21","1","12","91","47",15.5,8,".254",".366",".326","0.692","46","1","1","57","0","1",,"86.3","12.8",37,"29",6.6,,"25.8",
"Rosario, Amed","642708","2023","27","510","545","134","95","25","8","6","99","29",18.2,5.3,".263",".378",".305","0.683","58","2","15","70","14","1",,"88.3","7.6",33.8,"14",3.4,"42","29.4",
"Adames, Willy","642715","2023","27","553","638","120","65","29","2","24","165","71",25.9,11.1,".217",".407",".310","0.717","80","3","5","73","4","1",,"87.4","18.2",35,"49",12.4,,"27.6",
"Estrada, Thairo","642731","2023","27","495","530","134","92","26","2","14","120","22",22.6,4.2,".271",".416",".315","0.731","49","7","23","63","23","0",,"85.9","10.8",34.7,"18",4.8,,"28.0",
"Benintendi, Andrew","643217","2023","28","562","621","147","106","34","2","5","89","52",14.3,8.4,".262",".356",".326","0.682","45","2","13","72","11","2",,"86.6","14.5",40.9,"14",2.9,,"27.2",
"McNeil, Jeff","643446","2023","31","585","648","158","119","25","4","10","65","39",10,6,".270",".378",".333","0.711","55","0","10","75","9","1",,"86","14.4",32.1,"7",1.3,"1","27.3",
"Albies, Ozzie","645277","2023","26","596","660","167","99","30","5","33","107","46",16.2,7,".280",".513",".336","0.849","109","1","13","96","13","0",,"88.7","16.6",37.4,"41",8.2,"1","27.5",
"Devers, Rafael","646240","2023","26","580","656","157","90","34","0","33","126","62",19.2,9.5,".271",".500",".351","0.851","100","1","5","90","5","0",,"93.1","12.4",30,"58",12.7,,"26.0",
"Arraez, Luis","650333","2023","26","574","617","203","160","30","3","10","34","35",5.5,5.7,".354",".469",".393","0.862","69","2","3","71","2","1",,"88.3","11.5",44.7,"19",3.5,,"26.2",
"Torres, Gleyber","650402","2023","26","596","672","163","108","28","2","25","98","67",14.6,10,".273",".453",".347","0.800","68","6","13","90","9","3",,"89.7","15.1",37.3,"40",7.9,,"26.4",
"Diaz, Yandy","650490","2023","31","525","600","173","116","35","0","22","94","65",15.7,10.8,".330",".522",".410","0.932","78","1","0","95","0","0",,"93.4","5.7",30.5,"41",9.5,,"26.6",
"De La Cruz, Bryan","650559","2023","26","577","623","147","96","32","0","19","142","39",22.8,6.3,".255",".409",".301","0.710","78","1","4","61","2","1",,"89.9","11.8",40.7,"39",8.9,,"27.7",
"Chapman, Matt","656305","2023","30","509","581","122","64","39","2","17","165","62",28.4,10.7,".240",".424",".330","0.754","54","2","4","66","3","1",,"93.4","18.5",32.4,"59",17.1,"1","28.5",
"McKinstry, Zach","656716","2023","28","464","518","107","73","21","4","9","113","44",21.8,8.5,".231",".351",".302","0.653","35","6","16","60","15","1",,"87.2","17.8",37.1,"27",7.6,"2","28.5",
"Schwarber, Kyle","656941","2023","30","585","720","115","48","19","1","47","215","126",29.9,17.5,".197",".474",".343","0.817","104","2","0","108","0","0",,"92.4","19",34.3,"61",16.4,,"24.8",
"Thomas, Lane","657041","2023","27","628","682","168","101","36","3","28","176","36",25.8,5.3,".268",".468",".315","0.783","86","5","20","101","16","4",,"88.5","10.8",36.8,"44",9.6,"46","29.3",
"Verdugo, Alex","657077","2023","27","546","602","144","89","37","5","13","93","45",15.4,7.5,".264",".421",".324","0.745","54","3","5","81","5","0",,"89.2","8.8",35.4,"23",5,,"27.3",
"Ohtani, Shohei","660271","2023","28","497","599","151","73","26","8","44","143","91",23.9,15.2,".304",".654",".412","1.066","95","6","20","102","15","5",,"94.4","13.2",35.6,"70",19.6,,"27.8",
"Acuna Jr., Ronald","660670","2023","25","643","735","217","137","35","4","41","84","80",11.4,10.9,".337",".596",".416","1.012","106","14","73","149","59","14",,"94.7","7.4",33.5,"86",15.3,"17","27.9",
"Ruiz, Keibert","660688","2023","24","523","562","136","94","24","0","18","58","31",10.3,5.5,".260",".409",".308","0.717","67","1","1","55","1","0",,"87.4","15.3",39.4,"27",5.8,,"25.1",
"Contreras, William","661388","2023","25","540","611","157","101","38","1","17","126","63",20.6,10.3,".291",".459",".369","0.828","78","1","6","86","6","0",,"91.3","4.7",27.1,"39",9.4,,"26.5",
"Varsho, Daulton","662139","2023","26","527","581","116","70","23","3","20","135","45",23.2,7.7,".220",".389",".285","0.674","61","7","16","65","14","2",,"87.8","20.5",34.3,"29",7.3,"2","28.1",
"Nootbaar, Lars","663457","2023","25","426","503","111","73","23","1","14","99","72",19.7,14.3,".261",".418",".367","0.785","46","1","11","74","9","2",,"89.1","7.2",30.8,"29",8.8,,"27.8",
"Hoerner, Nico","663538","2023","26","619","688","175","135","27","4","9","83","49",12.1,7.1,".283",".383",".346","0.729","68","7","43","98","34","9",,"86.6","10.5",33,"10",1.8,"4","28.5",
"Riley, Austin","663586","2023","26","636","715","179","107","32","3","37","172","59",24.1,8.3,".281",".516",".345","0.861","97","1","3","117","3","0",,"92.3","13.5",35.2,"66",13.9,,"28.1",
"Hayes, Ke'Bryan","663647","2023","26","494","525","134","81","31","7","15","104","28",19.8,5.3,".271",".453",".309","0.762","61","6","10","65","5","5",,"92.2","13.2",34.1,"29",7.4,,"27.1",
"Tucker, Kyle","663656","2023","26","574","674","163","92","37","5","29","92","80",13.6,11.9,".284",".517",".369","0.886","112","5","30","97","22","8",,"90.2","14.8",35.4,"52",10.6,,"26.6",
"India, Jonathan","663697","2023","26","454","529","111","71","23","0","17","109","52",20.6,9.8,".244",".407",".338","0.745","61","2","14","78","9","5",,"89.5","15.3",37.2,"27",7.7,,"27.8",
"Raleigh, Cal","663728","2023","26","513","569","119","65","23","1","30","158","54",27.8,9.5,".232",".456",".306","0.762","75","0","0","78","0","0",,"89.6","20.3",36.5,"45",12.6,,"27.0",
"Grisham, Trent","663757","2023","26","469","555","93","48","31","1","13","154","75",27.7,13.5,".198",".352",".315","0.667","50","3","15","67","14","1",,"90.3","18.3",32.8,"38",11.9,"1","27.7",
"Vierling, Matt","663837","2023","26","479","530","125","89","21","5","10","112","44",21.1,8.3,".261",".388",".329","0.717","44","6","6","63","6","0",,"89.1","9.1",32.2,"17",4.6,"8","29.1",
"Stephenson, Tyler","663886","2023","26","465","517","113","78","20","2","13","135","47",26.1,9.1,".243",".378",".317","0.695","56","1","0","59","0","0",,"89.4","8.9",33.2,"25",7.6,,"26.9",
"Lowe, Nathaniel","663993","2023","27","623","724","163","105","38","3","17","165","93",22.8,12.8,".262",".414",".360","0.774","82","0","1","89","1","0",,"89.8","7.2",36.7,"30",6.5,,"27.3",
"Happ, Ian","664023","2023","28","580","691","144","84","35","4","21","153","99",22.1,14.3,".248",".431",".360","0.791","84","3","14","86","13","1",,"89.9","13",36.7,"39",9,,"27.7",
"France, Ty","664034","2023","28","587","665","147","103","32","0","12","117","43",17.6,6.5,".250",".366",".337","0.703","58","0","1","79","0","1",,"87.5","13.7",36.9,"32",6.8,,"25.0",
"Straw, Myles","664702","2023","28","462","518","110","88","18","3","1","97","42",18.7,8.1,".238",".297",".301","0.598","29","6","20","52","17","3",,"86.3","9.4",34,"2",0.5,"38","29.2",
"Bohm, Alec","664761","2023","26","558","611","153","102","31","0","20","94","42",15.4,6.9,".274",".437",".327","0.764","97","1","4","74","4","0",,"89.4","11.1",35.1,"27",5.7,,"26.6",
"Wade Jr., LaMonte","664774","2023","29","429","519","110","77","14","2","17","95","76",18.3,14.6,".256",".417",".373","0.790","45","0","2","64","2","0",,"88.3","17.5",33.6,"31",9.1,,"26.1",
"Pena, Jeremy","665161","2023","25","577","634","152","107","32","3","10","129","43",20.3,6.8,".263",".381",".324","0.705","52","9","13","81","12","1",,"88","5.5",32.4,"18",4,"55","29.4",
"Tatis Jr., Fernando","665487","2023","24","575","635","148","89","33","1","25","141","53",22.2,8.3,".257",".449",".322","0.771","78","4","29","91","21","7",,"91.9","11",31.5,"48",11,"32","29.3",
"Guerrero Jr., Vladimir","665489","2023","24","602","682","159","103","30","0","26","100","67",14.7,9.8,".264",".444",".345","0.789","94","3","5","78","4","1",,"92.1","10.5",32.4,"56",11.1,,"26.4",
"Soto, Juan","665742","2023","24","568","708","156","88","32","1","35","129","132",18.2,18.6,".275",".519",".410","0.929","109","5","12","97","10","2",,"93.2","6.7",28.5,"58",13,,"26.8",
"Taveras, Leody","665750","2023","24","511","554","136","88","31","3","14","117","35",21.1,6.3,".266",".421",".312","0.733","67","4","14","67","10","4",,"90.1","10.2",35.2,"29",7.2,"37","29.2",
"Gimenez, Andres","665926","2023","24","557","616","140","93","27","5","15","112","32",18.2,5.2,".251",".399",".314","0.713","62","6","30","76","28","2",,"84.8","13.1",29.9,"25",5.5,"40","29.2",
"Bichette, Bo","666182","2023","25","571","601","175","122","30","3","20","115","27",19.1,4.5,".306",".475",".339","0.814","73","3","5","69","5","0",,"90.2","6.2",38.3,"44",9.6,,"27.1",
"Garcia, Adolis","666969","2023","30","555","632","136","68","29","0","39","175","65",27.7,10.3,".245",".508",".328","0.836","107","1","9","108","9","0",,"92.1","15.7",36,"62",16.1,"2","27.3",
"Gurriel Jr., Lourdes","666971","2023","29","551","592","144","83","35","2","24","103","33",17.4,5.6,".261",".463",".309","0.772","82","0","5","65","5","0",,"89.7","10.6",35.3,"38",8.4,,"27.0",
"Rooker Jr., Brent","667670","2023","28","463","526","114","63","20","1","30","172","49",32.7,9.3,".246",".488",".329","0.817","69","0","4","61","4","0",,"91.6","17.6",37.3,"46",15.6,,"27.1",
"Arozarena, Randy","668227","2023","28","551","654","140","95","19","3","23","156","80",23.9,12.2,".254",".425",".364","0.789","83","10","22","95","19","3",,"91.7","11.3",31.8,"49",12.3,"10","28.4",
"Steer, Spencer","668715","2023","25","582","665","158","95","37","3","23","139","68",20.9,10.2,".271",".464",".356","0.820","86","3","15","74","11","3",,"88.7","15.3",35.3,"30",6.7,,"28.4",
"Reynolds, Bryan","668804","2023","28","574","640","151","91","31","5","24","138","53",21.6,8.3,".263",".460",".330","0.790","84","1","12","85","7","5",,"90.9","10.9",36.9,"49",11.1,,"27.7",
"Rutschman, Adley","668939","2023","25","588","687","163","111","31","1","20","101","92",14.7,13.4,".277",".435",".374","0.809","80","2","1","84","1","0",,"88.4","12.6",37,"37",7.5,,"27.0",
"Melendez Jr., MJ","669004","2023","24","533","602","125","75","29","5","16","170","62",28.2,10.3,".235",".398",".316","0.714","56","4","6","65","6","0",,"93.2","16.9",34.6,"42",11.4,,"27.6",
"Edman, Tommy","669242","2023","28","479","528","119","77","25","4","13","84","35",15.9,6.6,".248",".399",".307","0.706","47","4","27","69","23","4",,"89.1","7.5",27.9,"20",5,"7","28.8",
"Smith, Will","669257","2023","28","464","554","121","79","21","2","19","89","63",16.1,11.4,".261",".438",".359","0.797","76","0","3","80","3","0",,"89.3","15.6",37.5,"26",6.7,,"27.2",
"Suwinski, Jack","669261","2023","24","447","534","100","51","21","2","26","172","75",32.2,14,".224",".454",".339","0.793","74","2","13","63","11","2",,"90.5","22.4",34.2,"44",15.7,"2","28.6",
"Burger, Jake","669394","2023","27","488","536","123","60","28","1","34","146","32",27.2,6,".252",".523",".312","0.835","80","1","1","71","1","0",,"91.9","12.1",33.5,"58",16.8,,"28.0",
"Hays, Austin","669720","2023","27","520","566","143","89","36","2","16","141","38",24.9,6.7,".275",".444",".325","0.769","67","1","5","76","5","0",,"89.4","10.4",31,"34",8.9,,"27.5",
"Paredes, Isaac","670623","2023","24","492","571","123","68","24","0","31","104","58",18.2,10.2,".250",".488",".352","0.840","98","0","1","71","1","0",,"86.9","22.2",32.4,"23",5.9,,"26.1",
"Friedl Jr., TJ","670770","2023","27","488","556","136","88","22","8","18","90","47",16.2,8.5,".279",".467",".352","0.819","66","6","27","73","25","2",,"86.6","16.1",32,"13",3.2,"6","28.3",
"Casas, Triston","671213","2023","23","429","502","113","66","21","2","24","126","70",25.1,13.9,".263",".490",".367","0.857","65","0","0","66","0","0",,"91.1","15.7",36.1,"40",13.1,,"24.9",
"Harris II, Michael","671739","2023","22","505","539","148","94","33","3","18","101","25",18.7,4.6,".293",".477",".331","0.808","57","4","20","76","20","0",,"90.9","7.6",34.6,"41",10,"13","28.8",
"Garcia, Maikel","672580","2023","23","464","515","126","98","20","4","4","115","38",22.3,7.4,".272",".358",".323","0.681","50","7","23","59","17","6",,"91.8","6.1",36.9,"14",3.9,"6","28.2",
"Robert Jr., Luis","673357","2023","25","546","595","144","69","36","1","38","172","30",28.9,5,".264",".542",".315","0.857","80","4","20","90","16","4",,"89.1","16.1",38,"58",15.4,"22","28.7",
"Kim, Ha-Seong","673490","2023","27","538","626","140","100","23","0","17","124","75",19.8,12,".260",".398",".351","0.749","60","9","38","84","30","8",,"86.2","13.6",36.1,"18",4.2,"1","28.5",
"Suzuki, Seiya","673548","2023","28","515","583","147","90","31","6","20","130","59",22.3,10.1,".285",".485",".357","0.842","74","7","6","75","5","1",,"91.4","10.8",36.5,"41",10.5,"5","28.5",
"Jung, Josh","673962","2023","25","478","515","127","78","25","1","23","151","30",29.3,5.8,".266",".467",".315","0.782","70","3","1","75","1","0",,"91.8","15",41.9,"39",11.9,,"26.7",
"Rodriguez, Julio","677594","2023","22","654","714","180","109","37","2","32","175","47",24.5,6.6,".275",".485",".333","0.818","103","10","37","102","31","5",,"92.7","8.5",31.8,"57",11.9,"81","29.6",
"Witt Jr., Bobby","677951","2023","23","641","694","177","108","28","11","30","121","40",17.4,5.8,".276",".495",".319","0.814","96","15","49","97","44","5",,"90.7","15.7",34.4,"61",11.5,"149","30.5",
"Tovar, Ezequiel","678662","2023","21","581","615","147","91","37","4","15","166","25",27,4.1,".253",".408",".287","0.695","73","5","11","79","9","2",,"88","12.6",36.4,"34",8.1,"1","28.1",
"Torkelson, Spencer","679529","2023","23","606","684","141","75","34","1","31","171","67",25,9.8,".233",".446",".313","0.759","94","0","3","88","3","0",,"91.8","17.1",33.2,"62",14.1,,"27.4",
"Kwan, Steven","680757","2023","25","638","718","171","123","36","7","5","75","70",10.4,9.7,".268",".370",".340","0.710","54","3","21","93","19","2",,"86","10.7",37.7,"6",1.1,"3","28.1",
"Stott, Bryson","681082","2023","25","585","640","164","115","32","2","15","100","39",15.6,6.1,".280",".419",".329","0.748","62","3","31","78","30","1",,"88.1","10.1",36.4,"23",4.7,"17","28.9",
"Outman, James","681546","2023","26","483","567","120","78","16","3","23","181","68",31.9,12,".248",".437",".353","0.790","70","3","16","86","16","0",,"87.9","15.7",38.2,"34",11.1,"7","28.9",
"Abrams, CJ","682928","2023","22","563","614","138","86","28","6","18","118","32",19.2,5.2,".245",".412",".300","0.712","64","4","47","83","40","6",,"87.4","13.5",32.6,"31",6.9,"13","28.6",
"Carroll, Corbin","682998","2023","22","565","645","161","96","30","10","25","125","57",19.4,8.8,".285",".506",".362","0.868","76","5","54","116","42","12",,"90","11",32.7,"34",7.6,"116","30.0",
"Henderson, Gunnar","683002","2023","22","560","622","143","77","29","9","28","159","56",25.6,9,".255",".489",".325","0.814","82","3","10","100","10","0",,"92","11.4",32.9,"46",11.4,"9","28.8",
"Volpe, Anthony","683011","2023","22","541","601","113","65","23","4","21","167","52",27.8,8.7,".209",".383",".283","0.666","60","5","24","62","15","9",,"88.7","14.2",35.5,"34",9,,"28.4",
"Vaughn, Andrew","683734","2023","25","566","615","146","93","30","2","21","129","36",21,5.9,".258",".429",".314","0.743","80","0","0","67","0","0",,"90.6","11.2",30.3,"37",8.4,,"25.5",
"Yoshida, Masataka","807799","2023","29","537","580","155","104","33","3","15","81","34",14,5.9,".289",".445",".338","0.783","72","0","8","71","8","0",,"89","3.9",29.5,"30",6.6,,"26.2",